timestamp,value,anomaly_score,label
2015-07-28 11:56:00,248,0.0,0
2015-07-28 12:06:00,178,248.0,0
2015-07-28 12:25:00,155,178.0,0
2015-07-28 13:56:00,121,155.0,0
2015-07-28 14:06:00,103,121.0,0
2015-07-28 14:16:00,96,103.0,0
2015-07-28 17:23:00,170,96.0,0
2015-07-28 22:03:00,168,170.0,0
2015-07-28 22:13:00,177,168.0,0
2015-07-28 22:22:00,211,177.0,0
2015-07-28 22:33:00,258,211.0,0
2015-07-28 22:43:00,191,258.0,0
2015-07-29 06:49:00,4416,191.0,0
2015-07-29 07:23:00,200,4416.0,0
2015-07-29 07:53:00,210,200.0,0
2015-07-29 08:13:00,197,210.0,0
2015-07-29 08:23:00,238,197.0,0
2015-07-29 08:51:00,264,238.0,0
2015-07-29 09:03:00,263,264.0,0
2015-07-29 09:13:00,237,263.0,0
2015-07-29 09:43:00,218,237.0,0
2015-07-29 10:03:00,218,218.0,0
2015-07-29 10:13:00,286,218.0,0
2015-07-29 10:17:00,287,286.0,0
2015-07-30 08:58:00,312,287.0,0
2015-07-30 09:07:00,296,312.0,0
2015-07-30 09:18:00,213,296.0,0
2015-07-30 09:28:00,189,213.0,0
2015-07-30 09:37:00,174,189.0,0
2015-07-30 09:48:00,210,174.0,0
2015-07-30 09:57:00,229,210.0,0
2015-07-30 10:18:00,226,229.0,0
2015-07-30 11:07:00,348,226.0,0
2015-07-30 12:35:00,58,348.0,0
2015-07-30 13:14:00,118,58.0,0
2015-07-30 13:38:00,121,118.0,0
2015-07-30 14:14:00,530,121.0,0
2015-07-30 14:38:00,185,530.0,0
2015-07-30 14:48:00,189,185.0,0
2015-07-30 14:52:00,221,189.0,0
2015-07-30 15:08:00,392,221.0,0
2015-07-30 15:18:00,418,392.0,0
2015-07-30 15:27:00,603,418.0,0
2015-07-30 15:37:00,705,603.0,0
2015-07-30 15:48:00,798,705.0,0
2015-07-30 15:58:00,729,798.0,0
2015-07-30 16:08:00,863,729.0,0
2015-07-30 16:34:00,916,863.0,0
2015-07-30 16:55:00,652,916.0,0
2015-07-30 17:26:00,881,652.0,0
2015-07-30 18:07:00,383,881.0,0
2015-07-30 19:00:00,393,383.0,0
2015-07-30 20:48:00,29,393.0,0
2015-07-30 21:39:00,69,29.0,0
2015-07-30 21:41:00,99,69.0,0
2015-07-30 21:59:00,73,99.0,0
2015-07-30 22:01:00,106,73.0,0
2015-07-30 22:59:00,159,106.0,0
2015-07-30 23:48:00,110,159.0,0
2015-07-31 06:07:00,96,110.0,0
2015-07-31 08:59:00,611,96.0,0
2015-07-31 09:09:00,1144,611.0,0
2015-07-31 09:19:00,1321,1144.0,0
2015-07-31 09:28:00,1510,1321.0,0
2015-07-31 09:39:00,1623,1510.0,0
2015-07-31 09:49:00,1932,1623.0,0
2015-07-31 09:59:00,2051,1932.0,0
2015-07-31 10:09:00,1978,2051.0,0
2015-07-31 10:19:00,2942,1978.0,0
2015-07-31 10:29:00,3036,2942.0,0
2015-07-31 10:39:00,3182,3036.0,0
2015-07-31 10:49:00,2869,3182.0,0
2015-07-31 10:59:00,3058,2869.0,0
2015-07-31 11:09:00,4290,3058.0,0
2015-07-31 11:29:00,3922,4290.0,0
2015-07-31 11:39:00,4295,3922.0,0
2015-07-31 11:59:00,4757,4295.0,0
2015-07-31 12:09:00,5161,4757.0,0
2015-07-31 12:29:00,5241,5161.0,0
2015-07-31 12:33:00,5578,5241.0,0
2015-07-31 16:39:00,277,5578.0,0
2015-07-31 16:49:00,217,277.0,0
2015-07-31 16:59:00,226,217.0,0
2015-07-31 17:08:00,308,226.0,0
2015-07-31 17:18:00,349,308.0,0
2015-07-31 17:41:00,230,349.0,0
2015-07-31 17:48:00,224,230.0,0
2015-07-31 18:01:00,261,224.0,0
2015-07-31 23:50:00,182,261.0,0
2015-08-01 19:09:00,162,182.0,0
2015-08-01 19:59:00,162,162.0,0
2015-08-01 20:18:00,192,162.0,0
2015-08-01 22:33:00,190,192.0,0
2015-08-01 22:45:00,201,190.0,0
2015-08-01 23:43:00,301,201.0,0
2015-08-02 05:55:00,114,301.0,0
2015-08-02 06:15:00,122,114.0,0
2015-08-02 06:35:00,111,122.0,0
2015-08-02 09:44:00,157,111.0,0
2015-08-02 10:05:00,92,157.0,0
2015-08-02 14:46:00,147,92.0,0
2015-08-02 15:26:00,154,147.0,0
2015-08-02 16:26:00,144,154.0,0
2015-08-02 17:05:00,214,144.0,0
2015-08-02 18:46:00,147,214.0,0
2015-08-02 19:16:00,189,147.0,0
2015-08-02 19:24:00,186,189.0,0
2015-08-02 19:56:00,141,186.0,0
2015-08-02 20:56:00,186,141.0,0
2015-08-02 22:46:00,228,186.0,0
2015-08-02 23:06:00,268,228.0,0
2015-08-02 23:16:00,285,268.0,0
2015-08-02 23:26:00,320,285.0,0
2015-08-02 23:45:00,436,320.0,0
2015-08-02 23:56:00,353,436.0,0
2015-08-03 00:04:00,431,353.0,0
2015-08-03 07:36:00,188,431.0,0
2015-08-03 07:46:00,203,188.0,0
2015-08-03 07:55:00,202,203.0,0
2015-08-03 08:05:00,240,202.0,0
2015-08-03 08:16:00,293,240.0,0
2015-08-03 08:26:00,324,293.0,0
2015-08-03 08:36:00,386,324.0,0
2015-08-03 08:46:00,414,386.0,0
2015-08-03 08:53:00,374,414.0,0
2015-08-03 09:06:00,317,374.0,0
2015-08-03 10:46:00,291,317.0,0
2015-08-03 10:56:00,316,291.0,0
2015-08-03 11:15:00,317,316.0,0
2015-08-03 11:46:00,237,317.0,0
2015-08-03 11:56:00,216,237.0,0
2015-08-03 13:06:00,166,216.0,0
2015-08-03 14:06:00,168,166.0,0
2015-08-03 14:16:00,142,168.0,0
2015-08-03 15:56:00,72,142.0,0
2015-08-03 16:27:00,390,72.0,0
2015-08-03 16:37:00,315,390.0,0
2015-08-03 16:57:00,334,315.0,0
2015-08-03 17:16:00,210,334.0,0
2015-08-03 18:37:00,148,210.0,0
2015-08-04 03:27:00,915,148.0,0
2015-08-04 03:37:00,922,915.0,0
2015-08-04 03:47:00,912,922.0,0
2015-08-04 03:51:00,980,912.0,0
2015-08-04 07:55:00,190,980.0,0
2015-08-04 08:07:00,208,190.0,0
2015-08-04 08:15:00,188,208.0,0
2015-08-04 08:25:00,212,188.0,0
2015-08-04 08:34:00,297,212.0,0
2015-08-04 08:47:00,322,297.0,0
2015-08-04 08:57:00,359,322.0,0
2015-08-04 09:07:00,360,359.0,0
2015-08-04 09:27:00,307,360.0,0
2015-08-04 09:46:00,204,307.0,0
2015-08-04 10:07:00,258,204.0,0
2015-08-04 10:17:00,239,258.0,0
2015-08-04 10:27:00,219,239.0,0
2015-08-04 11:07:00,788,219.0,0
2015-08-04 11:17:00,1147,788.0,0
2015-08-04 11:33:00,1328,1147.0,0
2015-08-04 11:43:00,330,1328.0,0
2015-08-04 11:53:00,249,330.0,0
2015-08-04 12:13:00,521,249.0,0
2015-08-04 12:22:00,549,521.0,0
2015-08-04 12:33:00,631,549.0,0
2015-08-04 15:23:00,141,631.0,0
2015-08-04 16:02:00,146,141.0,0
2015-08-04 16:13:00,153,146.0,0
2015-08-04 16:23:00,171,153.0,0
2015-08-04 16:33:00,363,171.0,0
2015-08-04 16:43:00,147,363.0,0
2015-08-04 16:53:00,191,147.0,0
2015-08-04 17:03:00,188,191.0,0
2015-08-04 17:12:00,195,188.0,0
2015-08-04 17:23:00,178,195.0,0
2015-08-04 17:33:00,352,178.0,0
2015-08-04 17:43:00,146,352.0,0
2015-08-04 17:53:00,456,146.0,0
2015-08-04 18:03:00,146,456.0,0
2015-08-04 18:10:00,267,146.0,0
2015-08-04 18:23:00,145,267.0,0
2015-08-04 18:30:00,139,145.0,0
2015-08-04 18:36:00,144,139.0,0
2015-08-04 18:50:00,183,144.0,0
2015-08-04 19:00:00,162,183.0,0
2015-08-04 19:08:00,168,162.0,0
2015-08-04 19:20:00,864,168.0,0
2015-08-04 19:29:00,799,864.0,0
2015-08-04 19:39:00,821,799.0,0
2015-08-04 19:47:00,730,821.0,0
2015-08-04 20:00:00,606,730.0,0
2015-08-04 20:10:00,1012,606.0,0
2015-08-04 20:20:00,760,1012.0,0
2015-08-04 20:30:00,987,760.0,0
2015-08-04 20:39:00,719,987.0,0
2015-08-04 20:48:00,2155,719.0,0
2015-08-04 20:59:00,515,2155.0,0
2015-08-04 21:20:00,518,515.0,0
2015-08-04 21:30:00,789,518.0,0
2015-08-04 21:40:00,989,789.0,0
2015-08-04 21:50:00,1072,989.0,0
2015-08-04 21:59:00,1011,1072.0,0
2015-08-04 22:10:00,1070,1011.0,0
2015-08-04 22:13:00,2432,1070.0,0
2015-08-04 22:30:00,1587,2432.0,0
2015-08-04 22:40:00,1402,1587.0,0
2015-08-04 22:50:00,1208,1402.0,0
2015-08-04 23:00:00,1425,1208.0,0
2015-08-04 23:10:00,1288,1425.0,0
2015-08-04 23:20:00,1081,1288.0,0
2015-08-04 23:48:00,383,1081.0,0
2015-08-05 00:18:00,1022,383.0,0
2015-08-05 00:30:00,2439,1022.0,0
2015-08-05 00:40:00,1908,2439.0,0
2015-08-05 00:50:00,749,1908.0,0
2015-08-05 07:30:00,183,749.0,0
2015-08-05 07:50:00,155,183.0,0
2015-08-05 07:59:00,161,155.0,0
2015-08-05 08:10:00,171,161.0,0
2015-08-05 08:19:00,203,171.0,0
2015-08-05 08:30:00,291,203.0,0
2015-08-05 08:40:00,381,291.0,0
2015-08-05 09:00:00,410,381.0,0
2015-08-05 09:10:00,273,410.0,0
2015-08-05 09:48:00,266,273.0,0
2015-08-05 10:08:00,207,266.0,0
2015-08-05 10:20:00,301,207.0,0
2015-08-05 10:30:00,405,301.0,0
2015-08-05 12:26:00,154,405.0,0
2015-08-05 12:56:00,164,154.0,0
2015-08-05 13:46:00,139,164.0,0
2015-08-05 13:55:00,153,139.0,0
2015-08-05 14:56:00,154,153.0,0
2015-08-05 16:56:00,164,154.0,0
2015-08-05 17:26:00,152,164.0,0
2015-08-05 17:34:00,181,152.0,0
2015-08-05 18:14:00,149,181.0,0
2015-08-05 21:27:00,138,149.0,0
2015-08-05 22:39:00,135,138.0,0
2015-08-05 23:27:00,150,135.0,0
2015-08-06 04:38:00,107,150.0,0
2015-08-06 04:48:00,117,107.0,0
2015-08-06 05:08:00,111,117.0,0
2015-08-06 06:08:00,104,111.0,0
2015-08-06 06:38:00,146,104.0,0
2015-08-06 06:58:00,130,146.0,0
2015-08-06 07:48:00,134,130.0,0
2015-08-06 07:54:00,136,134.0,0
2015-08-06 08:07:00,201,136.0,0
2015-08-06 08:17:00,246,201.0,0
2015-08-06 08:26:00,240,246.0,0
2015-08-06 08:38:00,301,240.0,0
2015-08-06 08:48:00,356,301.0,0
2015-08-06 08:58:00,308,356.0,0
2015-08-06 09:08:00,347,308.0,0
2015-08-06 09:18:00,488,347.0,0
2015-08-06 09:28:00,466,488.0,0
2015-08-06 09:38:00,378,466.0,0
2015-08-06 09:48:00,323,378.0,0
2015-08-06 09:58:00,218,323.0,0
2015-08-06 10:07:00,205,218.0,0
2015-08-06 10:18:00,208,205.0,0
2015-08-06 10:28:00,277,208.0,0
2015-08-06 10:36:00,318,277.0,0
2015-08-06 10:58:00,207,318.0,0
2015-08-06 11:48:00,99,207.0,0
2015-08-06 11:57:00,100,99.0,0
2015-08-06 12:07:00,110,100.0,0
2015-08-06 12:18:00,120,110.0,0
2015-08-06 12:28:00,125,120.0,0
2015-08-06 12:38:00,139,125.0,0
2015-08-06 12:48:00,180,139.0,0
2015-08-06 13:09:00,163,180.0,0
2015-08-06 13:28:00,167,163.0,0
2015-08-06 13:58:00,199,167.0,0
2015-08-06 14:05:00,193,199.0,0
2015-08-06 15:47:00,181,193.0,0
2015-08-06 16:17:00,180,181.0,0
2015-08-06 16:28:00,179,180.0,0
2015-08-06 17:08:00,175,179.0,0
2015-08-06 17:41:00,156,175.0,0
2015-08-06 17:58:00,123,156.0,0
2015-08-06 18:08:00,50,123.0,0
2015-08-06 18:18:00,126,50.0,0
2015-08-06 19:08:00,142,126.0,0
2015-08-06 21:28:00,247,142.0,0
2015-08-06 21:37:00,200,247.0,0
2015-08-07 06:09:00,5461,200.0,0
2015-08-07 07:40:00,168,5461.0,0
2015-08-07 08:19:00,194,168.0,0
2015-08-07 08:30:00,190,194.0,0
2015-08-07 08:40:00,291,190.0,0
2015-08-07 08:50:00,211,291.0,0
2015-08-07 08:59:00,197,211.0,0
2015-08-07 09:30:00,255,197.0,0
2015-08-07 09:40:00,281,255.0,0
2015-08-07 09:48:00,270,281.0,0
2015-08-07 10:10:00,500,270.0,0
2015-08-07 10:30:00,595,500.0,0
2015-08-07 10:40:00,736,595.0,0
2015-08-07 10:50:00,344,736.0,0
2015-08-07 11:00:00,440,344.0,0
2015-08-07 11:10:00,550,440.0,0
2015-08-07 11:17:00,444,550.0,0
2015-08-07 11:30:00,335,444.0,0
2015-08-07 11:40:00,364,335.0,0
2015-08-07 11:59:00,390,364.0,0
2015-08-07 12:10:00,395,390.0,0
2015-08-07 12:48:00,305,395.0,0
2015-08-07 12:59:00,359,305.0,0
2015-08-07 13:10:00,294,359.0,0
2015-08-07 13:20:00,273,294.0,0
2015-08-07 13:30:00,236,273.0,0
2015-08-07 13:39:00,279,236.0,0
2015-08-07 13:50:00,312,279.0,0
2015-08-07 14:00:00,219,312.0,0
2015-08-07 14:10:00,168,219.0,0
2015-08-07 14:18:00,136,168.0,0
2015-08-07 14:30:00,154,136.0,0
2015-08-07 14:40:00,168,154.0,0
2015-08-07 14:50:00,178,168.0,0
2015-08-07 15:00:00,181,178.0,0
2015-08-07 15:28:00,312,181.0,0
2015-08-07 15:38:00,332,312.0,0
2015-08-07 15:58:00,368,332.0,0
2015-08-07 16:06:00,302,368.0,0
2015-08-07 16:17:00,309,302.0,0
2015-08-07 16:24:00,306,309.0,0
2015-08-07 16:46:00,436,306.0,0
2015-08-07 16:57:00,651,436.0,0
2015-08-07 17:06:00,684,651.0,0
2015-08-07 17:16:00,822,684.0,0
2015-08-07 17:27:00,901,822.0,0
2015-08-07 17:38:00,643,901.0,0
2015-08-07 17:57:00,339,643.0,0
2015-08-07 18:07:00,372,339.0,0
2015-08-07 18:17:00,310,372.0,0
2015-08-07 18:27:00,259,310.0,0
2015-08-07 18:37:00,239,259.0,0
2015-08-07 18:47:00,200,239.0,0
2015-08-07 20:17:00,159,200.0,0
2015-08-07 20:46:00,146,159.0,0
2015-08-07 20:55:00,138,146.0,0
2015-08-07 22:47:00,89,138.0,0
2015-08-08 03:56:00,125,89.0,0
2015-08-08 04:47:00,59,125.0,0
2015-08-08 04:57:00,61,59.0,0
2015-08-08 05:06:00,675,61.0,0
2015-08-08 05:17:00,699,675.0,0
2015-08-08 05:26:00,552,699.0,0
2015-08-08 05:37:00,1170,552.0,0
2015-08-08 05:47:00,1687,1170.0,0
2015-08-08 08:17:00,171,1687.0,0
2015-08-08 08:37:00,296,171.0,0
2015-08-08 08:47:00,304,296.0,0
2015-08-08 08:57:00,340,304.0,0
2015-08-08 09:07:00,370,340.0,0
2015-08-08 09:16:00,417,370.0,0
2015-08-08 09:26:00,425,417.0,0
2015-08-08 09:37:00,424,425.0,0
2015-08-08 09:47:00,342,424.0,0
2015-08-08 09:57:00,291,342.0,0
2015-08-08 10:07:00,387,291.0,0
2015-08-08 10:17:00,334,387.0,0
2015-08-08 10:27:00,296,334.0,0
2015-08-08 10:37:00,276,296.0,0
2015-08-08 10:46:00,263,276.0,0
2015-08-08 10:57:00,248,263.0,0
2015-08-08 11:07:00,302,248.0,0
2015-08-08 11:17:00,235,302.0,0
2015-08-08 11:27:00,253,235.0,0
2015-08-08 11:37:00,264,253.0,0
2015-08-08 11:47:00,133,264.0,0
2015-08-08 12:07:00,108,133.0,0
2015-08-08 12:17:00,114,108.0,0
2015-08-08 12:26:00,116,114.0,0
2015-08-08 12:47:00,100,116.0,0
2015-08-08 12:57:00,102,100.0,0
2015-08-08 13:07:00,94,102.0,0
2015-08-08 13:17:00,92,94.0,0
2015-08-08 13:27:00,84,92.0,0
2015-08-08 13:37:00,124,84.0,0
2015-08-08 14:47:00,122,124.0,0
2015-08-08 14:56:00,124,122.0,0
2015-08-08 16:30:00,144,124.0,0
2015-08-08 17:02:00,127,144.0,0
2015-08-08 17:11:00,143,127.0,0
2015-08-08 17:22:00,108,143.0,0
2015-08-08 17:31:00,131,108.0,0
2015-08-08 18:22:00,133,131.0,0
2015-08-08 19:12:00,153,133.0,0
2015-08-08 20:02:00,111,153.0,0
2015-08-08 20:12:00,114,111.0,0
2015-08-08 20:22:00,172,114.0,0
2015-08-08 22:01:00,143,172.0,0
2015-08-08 22:21:00,105,143.0,0
2015-08-08 22:32:00,110,105.0,0
2015-08-08 22:42:00,113,110.0,0
2015-08-08 22:51:00,130,113.0,0
2015-08-09 00:22:00,129,130.0,0
2015-08-09 04:52:00,115,129.0,0
2015-08-09 05:12:00,715,115.0,0
2015-08-09 05:22:00,1351,715.0,0
2015-08-09 05:32:00,1518,1351.0,0
2015-08-09 05:42:00,1606,1518.0,0
2015-08-09 05:50:00,1614,1606.0,0
2015-08-09 09:32:00,208,1614.0,0
2015-08-09 09:42:00,235,208.0,0
2015-08-09 09:52:00,209,235.0,0
2015-08-09 10:02:00,217,209.0,0
2015-08-09 10:11:00,176,217.0,0
2015-08-09 10:42:00,150,176.0,0
2015-08-09 10:52:00,178,150.0,0
2015-08-09 10:59:00,183,178.0,0
2015-08-09 11:13:00,279,183.0,0
2015-08-09 11:22:00,304,279.0,0
2015-08-09 11:32:00,275,304.0,0
2015-08-09 11:42:00,167,275.0,0
2015-08-09 12:32:00,166,167.0,0
2015-08-09 12:52:00,151,166.0,0
2015-08-09 13:29:00,145,151.0,0
2015-08-09 14:22:00,135,145.0,0
2015-08-09 14:32:00,144,135.0,0
2015-08-09 14:42:00,127,144.0,0
2015-08-09 14:52:00,135,127.0,0
2015-08-09 15:02:00,110,135.0,0
2015-08-09 15:12:00,116,110.0,0
2015-08-09 15:32:00,140,116.0,0
2015-08-09 16:12:00,170,140.0,0
2015-08-09 16:32:00,144,170.0,0
2015-08-09 16:42:00,128,144.0,0
2015-08-09 16:45:00,132,128.0,0
2015-08-09 16:57:00,114,132.0,0
2015-08-09 17:05:00,123,114.0,0
2015-08-09 17:17:00,122,123.0,0
2015-08-09 17:27:00,111,122.0,0
2015-08-09 17:36:00,111,111.0,0
2015-08-09 17:47:00,115,111.0,0
2015-08-09 17:57:00,103,115.0,1
2015-08-09 18:06:00,111,103.0,1
2015-08-09 18:17:00,110,111.0,1
2015-08-09 18:26:00,118,110.0,1
2015-08-09 18:37:00,128,118.0,1
2015-08-09 18:46:00,129,128.0,1
2015-08-09 19:17:00,179,129.0,1
2015-08-09 19:27:00,166,179.0,1
2015-08-09 19:46:00,131,166.0,1
2015-08-09 19:56:00,133,131.0,1
2015-08-09 20:06:00,136,133.0,1
2015-08-09 20:17:00,133,136.0,1
2015-08-09 20:25:00,135,133.0,1
2015-08-09 20:37:00,128,135.0,1
2015-08-09 20:47:00,124,128.0,1
2015-08-09 21:07:00,146,124.0,1
2015-08-09 21:17:00,125,146.0,1
2015-08-09 21:26:00,120,125.0,1
2015-08-09 21:36:00,117,120.0,1
2015-08-09 21:57:00,125,117.0,1
2015-08-09 22:07:00,131,125.0,1
2015-08-09 22:17:00,137,131.0,1
2015-08-09 22:27:00,125,137.0,1
2015-08-09 22:36:00,90,125.0,1
2015-08-09 22:47:00,91,90.0,1
2015-08-09 23:07:00,88,91.0,1
2015-08-09 23:17:00,101,88.0,1
2015-08-09 23:23:00,102,101.0,1
2015-08-09 23:37:00,107,102.0,1
2015-08-09 23:57:00,84,107.0,1
2015-08-10 00:07:00,80,84.0,1
2015-08-10 00:17:00,84,80.0,1
2015-08-10 00:27:00,91,84.0,1
2015-08-10 00:36:00,106,91.0,1
2015-08-10 01:06:00,98,106.0,1
2015-08-10 05:57:00,108,98.0,1
2015-08-10 07:16:00,182,108.0,1
2015-08-10 07:37:00,250,182.0,1
2015-08-10 07:57:00,249,250.0,1
2015-08-10 08:17:00,206,249.0,1
2015-08-10 08:27:00,192,206.0,1
2015-08-10 08:37:00,278,192.0,1
2015-08-10 08:47:00,366,278.0,1
2015-08-10 08:57:00,336,366.0,1
2015-08-10 09:07:00,211,336.0,1
2015-08-10 09:17:00,151,211.0,1
2015-08-10 09:27:00,149,151.0,1
2015-08-10 09:37:00,165,149.0,1
2015-08-10 09:46:00,176,165.0,1
2015-08-10 09:57:00,203,176.0,1
2015-08-10 10:06:00,224,203.0,1
2015-08-10 10:17:00,207,224.0,1
2015-08-10 10:27:00,243,207.0,1
2015-08-10 10:37:00,254,243.0,1
2015-08-10 10:57:00,229,254.0,1
2015-08-10 11:07:00,282,229.0,1
2015-08-10 11:17:00,360,282.0,1
2015-08-10 11:25:00,368,360.0,1
2015-08-10 11:36:00,324,368.0,1
2015-08-10 11:47:00,318,324.0,1
2015-08-10 11:56:00,333,318.0,1
2015-08-10 12:17:00,395,333.0,1
2015-08-10 12:27:00,428,395.0,1
2015-08-10 12:37:00,362,428.0,1
2015-08-10 12:47:00,394,362.0,1
2015-08-10 12:57:00,334,394.0,1
2015-08-10 13:06:00,345,334.0,1
2015-08-10 13:36:00,391,345.0,1
2015-08-10 13:46:00,419,391.0,1
2015-08-10 13:57:00,567,419.0,1
2015-08-10 14:07:00,684,567.0,1
2015-08-10 14:17:00,470,684.0,1
2015-08-10 14:27:00,359,470.0,1
2015-08-10 15:47:00,87,359.0,1
2015-08-10 15:55:00,79,87.0,1
2015-08-10 16:07:00,184,79.0,1
2015-08-10 16:17:00,200,184.0,1
2015-08-10 16:56:00,165,200.0,1
2015-08-10 20:32:00,137,165.0,1
2015-08-10 22:52:00,138,137.0,1
2015-08-11 01:52:00,136,138.0,1
2015-08-11 04:02:00,126,136.0,1
2015-08-11 04:22:00,144,126.0,1
2015-08-11 05:12:00,113,144.0,1
2015-08-11 05:32:00,120,113.0,1
2015-08-11 05:42:00,150,120.0,1
2015-08-11 06:52:00,148,150.0,1
2015-08-11 07:12:00,174,148.0,1
2015-08-11 07:21:00,192,174.0,1
2015-08-11 07:32:00,222,192.0,1
2015-08-11 07:42:00,241,222.0,1
2015-08-11 07:52:00,265,241.0,1
2015-08-11 08:12:00,283,265.0,1
2015-08-11 08:22:00,342,283.0,1
2015-08-11 08:31:00,485,342.0,1
2015-08-11 08:42:00,472,485.0,1
2015-08-11 08:52:00,545,472.0,1
2015-08-11 09:02:00,555,545.0,1
2015-08-11 09:12:00,421,555.0,1
2015-08-11 09:22:00,308,421.0,1
2015-08-11 10:01:00,144,308.0,1
2015-08-11 10:22:00,153,144.0,1
2015-08-11 10:32:00,159,153.0,1
2015-08-11 10:41:00,140,159.0,1
2015-08-11 10:52:00,135,140.0,1
2015-08-11 11:12:00,123,135.0,1
2015-08-11 11:22:00,136,123.0,1
2015-08-11 11:32:00,136,136.0,1
2015-08-11 12:07:00,3106,136.0,1
2015-08-11 13:42:00,280,3106.0,1
2015-08-11 13:52:00,186,280.0,1
2015-08-11 14:12:00,176,186.0,1
2015-08-11 14:22:00,281,176.0,1
2015-08-11 14:32:00,282,281.0,1
2015-08-11 14:41:00,508,282.0,1
2015-08-11 16:12:00,1789,508.0,1
2015-08-11 16:52:00,1217,1789.0,1
2015-08-11 17:00:00,121,1217.0,1
2015-08-11 17:12:00,123,121.0,1
2015-08-11 17:21:00,125,123.0,1
2015-08-11 17:30:00,128,125.0,1
2015-08-11 17:41:00,113,128.0,1
2015-08-11 17:52:00,120,113.0,1
2015-08-11 18:02:00,374,120.0,1
2015-08-11 18:12:00,141,374.0,1
2015-08-11 18:22:00,644,141.0,1
2015-08-11 18:28:00,703,644.0,1
2015-08-11 18:41:00,153,703.0,1
2015-08-11 19:02:00,156,153.0,1
2015-08-11 19:12:00,491,156.0,1
2015-08-11 19:22:00,147,491.0,1
2015-08-11 19:42:00,474,147.0,1
2015-08-11 19:52:00,824,474.0,1
2015-08-11 20:02:00,1346,824.0,1
2015-08-11 20:12:00,758,1346.0,1
2015-08-11 20:21:00,270,758.0,1
2015-08-11 20:31:00,1277,270.0,1
2015-08-11 20:42:00,1057,1277.0,1
2015-08-11 20:52:00,649,1057.0,1
2015-08-11 21:32:00,730,649.0,1
2015-08-11 21:41:00,1179,730.0,1
2015-08-11 21:51:00,1127,1179.0,1
2015-08-11 22:01:00,1052,1127.0,1
2015-08-11 22:09:00,1563,1052.0,1
2015-08-11 22:22:00,1334,1563.0,1
2015-08-11 22:32:00,1561,1334.0,1
2015-08-11 22:42:00,1795,1561.0,1
2015-08-11 22:52:00,2192,1795.0,1
2015-08-11 23:01:00,1139,2192.0,1
2015-08-11 23:12:00,711,1139.0,1
2015-08-11 23:22:00,739,711.0,1
2015-08-12 00:10:00,834,739.0,1
2015-08-12 00:22:00,817,834.0,1
2015-08-12 00:32:00,801,817.0,1
2015-08-12 00:42:00,355,801.0,1
2015-08-12 01:01:00,392,355.0,1
2015-08-12 01:21:00,161,392.0,1
2015-08-12 01:42:00,2875,161.0,1
2015-08-12 01:52:00,2988,2875.0,1
2015-08-12 02:01:00,2818,2988.0,1
2015-08-12 02:12:00,1415,2818.0,1
2015-08-12 02:22:00,2331,1415.0,1
2015-08-12 02:32:00,909,2331.0,1
2015-08-12 02:42:00,1218,909.0,1
2015-08-12 03:22:00,862,1218.0,1
2015-08-12 03:43:00,132,862.0,1
2015-08-12 04:12:00,187,132.0,1
2015-08-12 04:22:00,211,187.0,1
2015-08-12 04:32:00,383,211.0,1
2015-08-12 04:42:00,154,383.0,1
2015-08-12 05:02:00,176,154.0,1
2015-08-12 06:12:00,119,176.0,1
2015-08-12 06:31:00,126,119.0,1
2015-08-12 07:12:00,143,126.0,1
2015-08-12 07:50:00,167,143.0,1
2015-08-12 08:02:00,150,167.0,1
2015-08-12 08:10:00,145,150.0,1
2015-08-12 08:22:00,193,145.0,1
2015-08-12 08:52:00,282,193.0,1
2015-08-12 09:02:00,226,282.0,1
2015-08-12 09:11:00,204,226.0,1
2015-08-12 09:42:00,174,204.0,1
2015-08-12 10:02:00,195,174.0,1
2015-08-12 10:12:00,253,195.0,1
2015-08-12 10:31:00,328,253.0,1
2015-08-12 10:42:00,268,328.0,1
2015-08-12 10:52:00,270,268.0,1
2015-08-12 11:02:00,358,270.0,1
2015-08-12 11:12:00,388,358.0,1
2015-08-12 11:22:00,360,388.0,1
2015-08-12 11:32:00,413,360.0,1
2015-08-12 11:50:00,407,413.0,1
2015-08-12 12:01:00,400,407.0,1
2015-08-12 12:10:00,328,400.0,1
2015-08-12 12:22:00,343,328.0,1
2015-08-12 12:32:00,354,343.0,1
2015-08-12 12:41:00,360,354.0,1
2015-08-12 12:52:00,337,360.0,1
2015-08-12 13:02:00,344,337.0,1
2015-08-12 13:12:00,274,344.0,1
2015-08-12 13:22:00,289,274.0,1
2015-08-12 13:32:00,204,289.0,1
2015-08-12 13:41:00,222,204.0,1
2015-08-12 13:52:00,202,222.0,1
2015-08-12 14:02:00,162,202.0,1
2015-08-12 14:11:00,130,162.0,1
2015-08-12 15:01:00,152,130.0,1
2015-08-12 15:12:00,157,152.0,1
2015-08-12 15:21:00,175,157.0,1
2015-08-12 15:31:00,178,175.0,1
2015-08-12 17:11:00,166,178.0,1
2015-08-12 17:21:00,161,166.0,1
2015-08-12 17:52:00,157,161.0,1
2015-08-12 18:42:00,130,157.0,1
2015-08-12 19:12:00,128,130.0,1
2015-08-12 19:52:00,1092,128.0,1
2015-08-12 20:01:00,1556,1092.0,1
2015-08-12 20:12:00,1423,1556.0,0
2015-08-12 20:27:00,911,1423.0,0
2015-08-12 20:46:00,681,911.0,0
2015-08-12 20:56:00,839,681.0,0
2015-08-12 21:07:00,1117,839.0,0
2015-08-12 21:17:00,430,1117.0,0
2015-08-12 21:23:00,683,430.0,0
2015-08-12 21:37:00,574,683.0,0
2015-08-12 21:47:00,580,574.0,0
2015-08-12 21:57:00,499,580.0,0
2015-08-12 22:07:00,646,499.0,0
2015-08-12 22:17:00,589,646.0,0
2015-08-12 22:27:00,663,589.0,0
2015-08-12 22:37:00,517,663.0,0
2015-08-12 23:27:00,1087,517.0,0
2015-08-12 23:37:00,1123,1087.0,0
2015-08-12 23:47:00,763,1123.0,0
2015-08-12 23:57:00,732,763.0,0
2015-08-13 00:07:00,860,732.0,0
2015-08-13 00:16:00,1420,860.0,0
2015-08-13 00:27:00,1492,1420.0,0
2015-08-13 02:57:00,102,1492.0,0
2015-08-13 03:12:00,101,102.0,0
2015-08-13 03:37:00,112,101.0,0
2015-08-13 04:28:00,1772,112.0,0
2015-08-13 04:47:00,251,1772.0,0
2015-08-13 04:57:00,106,251.0,0
2015-08-13 05:12:00,103,106.0,0
2015-08-13 05:47:00,115,103.0,0
2015-08-13 07:47:00,222,115.0,0
2015-08-13 08:17:00,216,222.0,0
2015-08-13 08:27:00,243,216.0,0
2015-08-13 08:36:00,290,243.0,0
2015-08-13 08:46:00,325,290.0,0
2015-08-13 08:57:00,301,325.0,0
2015-08-13 09:07:00,298,301.0,0
2015-08-13 09:17:00,236,298.0,0
2015-08-13 09:25:00,272,236.0,0
2015-08-13 09:37:00,263,272.0,0
2015-08-13 09:57:00,201,263.0,0
2015-08-13 10:06:00,196,201.0,0
2015-08-13 10:17:00,209,196.0,0
2015-08-13 10:27:00,242,209.0,0
2015-08-13 10:37:00,289,242.0,0
2015-08-13 10:46:00,241,289.0,0
2015-08-13 10:56:00,246,241.0,0
2015-08-13 11:57:00,114,246.0,0
2015-08-13 12:06:00,109,114.0,0
2015-08-13 12:17:00,73,109.0,0
2015-08-13 12:26:00,75,73.0,0
2015-08-13 12:37:00,92,75.0,0
2015-08-13 13:05:00,150,92.0,0
2015-08-13 13:26:00,171,150.0,0
2015-08-13 14:37:00,195,171.0,0
2015-08-13 15:27:00,269,195.0,0
2015-08-13 16:16:00,442,269.0,0
2015-08-13 16:27:00,463,442.0,0
2015-08-13 16:36:00,405,463.0,0
2015-08-13 16:46:00,402,405.0,0
2015-08-13 16:57:00,370,402.0,0
2015-08-13 17:07:00,350,370.0,0
2015-08-13 17:17:00,346,350.0,0
2015-08-13 17:25:00,347,346.0,0
2015-08-13 17:37:00,235,347.0,0
2015-08-13 17:46:00,205,235.0,0
2015-08-13 17:57:00,228,205.0,0
2015-08-13 18:07:00,76,228.0,0
2015-08-13 18:15:00,79,76.0,0
2015-08-13 18:25:00,196,79.0,0
2015-08-13 18:33:00,302,196.0,0
2015-08-13 18:47:00,201,302.0,0
2015-08-13 18:56:00,183,201.0,0
2015-08-13 19:06:00,151,183.0,0
2015-08-14 07:27:00,170,151.0,0
2015-08-14 08:07:00,259,170.0,0
2015-08-14 08:27:00,331,259.0,0
2015-08-14 08:37:00,360,331.0,0
2015-08-14 08:47:00,264,360.0,0
2015-08-14 09:06:00,275,264.0,0
2015-08-14 09:27:00,322,275.0,0
2015-08-14 09:57:00,297,322.0,0
2015-08-14 10:03:00,319,297.0,0
2015-08-14 10:17:00,409,319.0,0
2015-08-14 10:37:00,404,409.0,0
2015-08-14 10:47:00,402,404.0,0
2015-08-14 10:57:00,355,402.0,0
2015-08-14 11:07:00,570,355.0,0
2015-08-14 11:16:00,572,570.0,0
2015-08-14 11:37:00,483,572.0,0
2015-08-14 11:47:00,350,483.0,0
2015-08-14 12:17:00,314,350.0,0
2015-08-14 12:37:00,393,314.0,0
2015-08-14 12:47:00,346,393.0,0
2015-08-14 12:56:00,361,346.0,0
2015-08-14 13:17:00,403,361.0,0
2015-08-14 13:27:00,424,403.0,0
2015-08-14 13:33:00,487,424.0,0
2015-08-14 13:47:00,470,487.0,0
2015-08-14 13:55:00,414,470.0,0
2015-08-14 14:16:00,180,414.0,0
2015-08-14 14:26:00,167,180.0,0
2015-08-14 14:37:00,188,167.0,0
2015-08-14 14:47:00,176,188.0,0
2015-08-14 15:07:00,194,176.0,0
2015-08-14 15:37:00,209,194.0,0
2015-08-14 15:47:00,223,209.0,0
2015-08-14 16:07:00,276,223.0,0
2015-08-14 16:24:00,327,276.0,0
2015-08-14 16:37:00,291,327.0,0
2015-08-14 16:43:00,282,291.0,0
2015-08-14 17:07:00,305,282.0,0
2015-08-14 17:47:00,275,305.0,0
2015-08-14 18:57:00,139,275.0,0
2015-08-14 23:01:00,171,139.0,0
2015-08-14 23:12:00,180,171.0,0
2015-08-14 23:32:00,214,180.0,0
2015-08-14 23:41:00,209,214.0,0
2015-08-15 04:32:00,45,209.0,0
2015-08-15 04:42:00,49,45.0,0
2015-08-15 04:52:00,52,49.0,0
2015-08-15 05:22:00,962,52.0,0
2015-08-15 05:31:00,1178,962.0,0
2015-08-15 06:02:00,111,1178.0,0
2015-08-15 10:51:00,138,111.0,0
2015-08-15 11:02:00,197,138.0,0
2015-08-15 11:51:00,193,197.0,0
2015-08-15 22:36:00,152,193.0,0
2015-08-15 23:17:00,215,152.0,0
2015-08-15 23:27:00,265,215.0,0
2015-08-15 23:47:00,312,265.0,0
2015-08-16 05:17:00,117,312.0,0
2015-08-16 09:37:00,161,117.0,0
2015-08-16 10:46:00,116,161.0,0
2015-08-16 11:17:00,145,116.0,0
2015-08-16 15:27:00,280,145.0,0
2015-08-16 15:47:00,370,280.0,0
2015-08-16 15:57:00,352,370.0,0
2015-08-16 16:07:00,300,352.0,0
2015-08-16 16:27:00,221,300.0,0
2015-08-16 16:57:00,198,221.0,0
2015-08-16 17:07:00,262,198.0,0
2015-08-16 17:17:00,298,262.0,0
2015-08-16 17:36:00,384,298.0,0
2015-08-16 17:47:00,369,384.0,0
2015-08-16 17:57:00,336,369.0,0
2015-08-16 18:06:00,561,336.0,0
2015-08-16 18:16:00,366,561.0,0
2015-08-16 18:26:00,436,366.0,0
2015-08-16 18:37:00,472,436.0,0
2015-08-16 18:56:00,341,472.0,0
2015-08-16 19:07:00,220,341.0,0
2015-08-16 19:17:00,256,220.0,0
2015-08-16 19:27:00,225,256.0,0
2015-08-16 19:37:00,168,225.0,0
2015-08-16 19:47:00,172,168.0,0
2015-08-16 20:17:00,248,172.0,0
2015-08-16 21:30:00,185,248.0,0
2015-08-16 23:30:00,194,185.0,0
2015-08-17 03:40:00,130,194.0,0
2015-08-17 06:00:00,120,130.0,0
2015-08-17 07:30:00,196,120.0,0
2015-08-17 07:50:00,187,196.0,0
2015-08-17 08:10:00,177,187.0,0
2015-08-17 08:20:00,197,177.0,0
2015-08-17 08:30:00,252,197.0,0
2015-08-17 08:40:00,311,252.0,0
2015-08-17 08:49:00,332,311.0,0
2015-08-17 09:00:00,293,332.0,0
2015-08-17 09:10:00,254,293.0,0
2015-08-17 10:19:00,274,254.0,0
2015-08-17 10:30:00,379,274.0,0
2015-08-17 10:40:00,410,379.0,0
2015-08-17 10:50:00,331,410.0,0
2015-08-17 10:59:00,351,331.0,0
2015-08-17 11:08:00,325,351.0,0
2015-08-17 11:20:00,270,325.0,0
2015-08-17 11:30:00,313,270.0,0
2015-08-17 11:37:00,2409,313.0,0
2015-08-17 12:00:00,287,2409.0,0
2015-08-17 12:18:00,284,287.0,0
2015-08-17 12:50:00,208,284.0,0
2015-08-17 15:50:00,74,208.0,0
2015-08-17 15:59:00,73,74.0,0
2015-08-17 16:28:00,154,73.0,0
2015-08-17 17:10:00,140,154.0,0
2015-08-18 08:23:00,197,140.0,0
2015-08-18 08:34:00,266,197.0,0
2015-08-18 08:44:00,287,266.0,0
2015-08-18 08:54:00,327,287.0,0
2015-08-18 09:12:00,250,327.0,0
2015-08-18 09:52:00,177,250.0,0
2015-08-18 10:04:00,172,177.0,0
2015-08-18 10:34:00,183,172.0,0
2015-08-18 10:44:00,219,183.0,0
2015-08-18 10:54:00,192,219.0,0
2015-08-18 11:04:00,190,192.0,0
2015-08-18 11:12:00,142,190.0,0
2015-08-18 13:53:00,137,142.0,0
2015-08-18 14:04:00,92,137.0,0
2015-08-18 14:14:00,94,92.0,0
2015-08-18 14:43:00,123,94.0,0
2015-08-18 20:47:00,140,123.0,0
2015-08-19 07:56:00,204,140.0,0
2015-08-19 08:17:00,212,204.0,0
2015-08-19 08:27:00,253,212.0,0
2015-08-19 08:57:00,281,253.0,0
2015-08-19 09:07:00,256,281.0,0
2015-08-19 09:27:00,363,256.0,0
2015-08-19 09:36:00,267,363.0,0
2015-08-19 09:47:00,369,267.0,0
2015-08-19 10:27:00,358,369.0,0
2015-08-19 10:37:00,362,358.0,0
2015-08-19 10:47:00,292,362.0,0
2015-08-19 10:57:00,317,292.0,0
2015-08-19 11:05:00,373,317.0,0
2015-08-19 11:25:00,341,373.0,0
2015-08-19 11:47:00,310,341.0,0
2015-08-19 11:57:00,298,310.0,0
2015-08-19 12:26:00,285,298.0,0
2015-08-19 12:57:00,525,285.0,0
2015-08-19 13:17:00,731,525.0,0
2015-08-19 13:44:00,688,731.0,0
2015-08-19 16:57:00,168,688.0,0
2015-08-19 17:07:00,164,168.0,0
2015-08-20 04:35:00,101,164.0,0
2015-08-20 05:05:00,114,101.0,0
2015-08-20 05:15:00,104,114.0,0
2015-08-20 05:34:00,112,104.0,0
2015-08-20 06:45:00,117,112.0,0
2015-08-20 08:25:00,260,117.0,0
2015-08-20 08:44:00,309,260.0,0
2015-08-20 09:35:00,202,309.0,0
2015-08-20 09:45:00,295,202.0,0
2015-08-20 09:55:00,395,295.0,0
2015-08-20 10:05:00,322,395.0,0
2015-08-20 10:15:00,292,322.0,0
2015-08-20 10:25:00,290,292.0,0
2015-08-20 10:35:00,273,290.0,0
2015-08-20 10:41:00,304,273.0,0
2015-08-20 10:55:00,258,304.0,0
2015-08-20 11:04:00,266,258.0,0
2015-08-20 11:34:00,332,266.0,0
2015-08-20 11:45:00,322,332.0,0
2015-08-20 11:55:00,205,322.0,0
2015-08-20 12:05:00,184,205.0,0
2015-08-20 12:25:00,150,184.0,0
2015-08-20 12:35:00,180,150.0,0
2015-08-20 12:45:00,172,180.0,0
2015-08-20 12:55:00,254,172.0,0
2015-08-20 13:45:00,187,254.0,0
2015-08-20 16:25:00,203,187.0,0
2015-08-20 16:35:00,169,203.0,0
2015-08-20 17:25:00,179,169.0,0
2015-08-20 17:35:00,159,179.0,0
2015-08-20 18:04:00,40,159.0,0
2015-08-20 18:15:00,39,40.0,0
2015-08-20 18:25:00,105,39.0,0
2015-08-20 18:33:00,144,105.0,0
2015-08-21 08:19:00,234,144.0,0
2015-08-21 08:27:00,184,234.0,0
2015-08-21 08:49:00,195,184.0,0
2015-08-21 08:59:00,213,195.0,0
2015-08-21 10:48:00,301,213.0,0
2015-08-21 10:58:00,314,301.0,0
2015-08-21 11:09:00,412,314.0,0
2015-08-21 11:29:00,390,412.0,0
2015-08-21 11:39:00,463,390.0,0
2015-08-21 11:49:00,448,463.0,0
2015-08-21 11:59:00,530,448.0,0
2015-08-21 12:19:00,432,530.0,0
2015-08-21 12:28:00,372,432.0,0
2015-08-21 12:37:00,336,372.0,0
2015-08-21 13:06:00,311,336.0,0
2015-08-21 13:29:00,318,311.0,0
2015-08-21 13:48:00,358,318.0,0
2015-08-21 14:29:00,132,358.0,0
2015-08-21 14:58:00,248,132.0,0
2015-08-21 15:09:00,279,248.0,0
2015-08-21 15:19:00,251,279.0,0
2015-08-21 15:39:00,311,251.0,0
2015-08-21 15:49:00,343,311.0,0
2015-08-21 15:59:00,377,343.0,0
2015-08-21 16:08:00,386,377.0,0
2015-08-21 16:29:00,343,386.0,0
2015-08-21 16:39:00,354,343.0,0
2015-08-21 16:49:00,355,354.0,0
2015-08-21 16:59:00,337,355.0,0
2015-08-21 17:08:00,276,337.0,0
2015-08-21 17:19:00,209,276.0,0
2015-08-21 17:28:00,203,209.0,0
2015-08-21 17:49:00,184,203.0,0
2015-08-21 20:58:00,151,184.0,0
2015-08-21 21:35:00,498,151.0,0
2015-08-21 21:49:00,1000,498.0,0
2015-08-21 21:59:00,1364,1000.0,0
2015-08-21 22:12:00,1635,1364.0,0
2015-08-22 04:50:00,57,1635.0,0
2015-08-22 05:00:00,58,57.0,0
2015-08-22 05:10:00,155,58.0,0
2015-08-22 06:30:00,119,155.0,0
2015-08-22 07:10:00,110,119.0,0
2015-08-22 08:30:00,183,110.0,0
2015-08-22 09:06:00,364,183.0,0
2015-08-22 09:30:00,278,364.0,0
2015-08-22 09:50:00,221,278.0,0
2015-08-22 12:37:00,328,221.0,0
2015-08-23 15:48:00,146,328.0,0
2015-08-23 18:08:00,136,146.0,0
2015-08-23 18:46:00,121,136.0,0
2015-08-23 18:58:00,132,121.0,0
2015-08-23 19:18:00,180,132.0,0
2015-08-23 19:27:00,253,180.0,0
2015-08-23 19:58:00,229,253.0,0
2015-08-23 20:08:00,263,229.0,0
2015-08-23 20:18:00,307,263.0,0
2015-08-23 20:28:00,312,307.0,0
2015-08-23 20:37:00,313,312.0,0
2015-08-23 20:48:00,373,313.0,0
2015-08-23 21:07:00,184,373.0,0
2015-08-24 03:32:00,123,184.0,0
2015-08-24 03:43:00,129,123.0,0
2015-08-24 06:22:00,133,129.0,0
2015-08-24 07:51:00,194,133.0,0
2015-08-24 08:03:00,192,194.0,0
2015-08-24 08:13:00,178,192.0,0
2015-08-24 08:23:00,205,178.0,0
2015-08-24 08:33:00,250,205.0,0
2015-08-24 08:43:00,283,250.0,0
2015-08-24 08:53:00,296,283.0,0
2015-08-24 09:03:00,256,296.0,0
2015-08-24 09:13:00,218,256.0,0
2015-08-24 09:43:00,197,218.0,0
2015-08-24 09:53:00,226,197.0,0
2015-08-24 10:03:00,257,226.0,0
2015-08-24 10:13:00,211,257.0,0
2015-08-24 10:23:00,225,211.0,0
2015-08-24 10:43:00,262,225.0,0
2015-08-24 10:51:00,280,262.0,0
2015-08-24 11:03:00,483,280.0,0
2015-08-24 11:13:00,628,483.0,0
2015-08-24 11:23:00,1047,628.0,0
2015-08-24 11:33:00,1111,1047.0,0
2015-08-24 11:42:00,764,1111.0,0
2015-08-24 12:03:00,504,764.0,0
2015-08-24 12:12:00,729,504.0,0
2015-08-24 12:22:00,627,729.0,0
2015-08-24 12:33:00,288,627.0,0
2015-08-24 12:42:00,318,288.0,0
2015-08-24 12:52:00,167,318.0,0
2015-08-24 13:32:00,156,167.0,0
2015-08-24 13:43:00,161,156.0,0
2015-08-24 13:53:00,169,161.0,0
2015-08-24 14:03:00,181,169.0,0
2015-08-24 14:13:00,190,181.0,0
2015-08-24 14:23:00,154,190.0,0
2015-08-24 14:33:00,170,154.0,0
2015-08-24 15:52:00,77,170.0,0
2015-08-24 16:03:00,175,77.0,0
2015-08-24 16:13:00,190,175.0,0
2015-08-24 16:22:00,187,190.0,0
2015-08-24 16:43:00,141,187.0,0
2015-08-24 17:03:00,157,141.0,0
2015-08-24 17:13:00,173,157.0,0
2015-08-24 17:23:00,177,173.0,0
2015-08-24 17:43:00,140,177.0,0
2015-08-24 18:33:00,140,140.0,0
2015-08-24 18:41:00,141,140.0,0
2015-08-24 18:53:00,146,141.0,0
2015-08-24 19:03:00,155,146.0,0
2015-08-24 19:12:00,142,155.0,0
2015-08-25 08:12:00,155,142.0,0
2015-08-25 08:22:00,211,155.0,0
2015-08-25 08:30:00,232,211.0,0
2015-08-25 08:41:00,285,232.0,0
2015-08-25 08:50:00,324,285.0,0
2015-08-25 09:01:00,314,324.0,0
2015-08-25 09:12:00,236,314.0,0
2015-08-25 09:20:00,170,236.0,0
2015-08-25 09:32:00,161,170.0,0
2015-08-25 10:01:00,180,161.0,0
2015-08-25 10:21:00,222,180.0,0
2015-08-25 10:32:00,228,222.0,0
2015-08-25 10:42:00,240,228.0,0
2015-08-25 10:52:00,219,240.0,0
2015-08-25 11:02:00,226,219.0,0
2015-08-25 11:12:00,221,226.0,0
2015-08-25 11:32:00,204,221.0,0
2015-08-25 11:41:00,233,204.0,0
2015-08-25 12:02:00,263,233.0,0
2015-08-25 13:41:00,129,263.0,0
2015-08-25 13:52:00,114,129.0,0
2015-08-25 14:01:00,94,114.0,0
2015-08-25 14:12:00,109,94.0,0
2015-08-25 15:32:00,157,109.0,0
2015-08-25 15:41:00,171,157.0,0
2015-08-25 17:42:00,304,171.0,0
2015-08-25 17:50:00,379,304.0,0
2015-08-25 18:02:00,502,379.0,0
2015-08-25 18:11:00,608,502.0,0
2015-08-25 18:33:00,607,608.0,0
2015-08-25 18:40:00,695,607.0,0
2015-08-25 18:52:00,437,695.0,0
2015-08-25 19:02:00,260,437.0,0
2015-08-26 04:59:00,115,260.0,0
2015-08-26 05:09:00,108,115.0,0
2015-08-26 05:29:00,113,108.0,0
2015-08-26 06:09:00,111,113.0,0
2015-08-26 07:19:00,142,111.0,0
2015-08-26 08:09:00,207,142.0,0
2015-08-26 08:19:00,230,207.0,0
2015-08-26 08:30:00,305,230.0,0
2015-08-26 08:58:00,361,305.0,0
2015-08-26 09:40:00,205,361.0,0
2015-08-26 10:19:00,288,205.0,0
2015-08-26 10:30:00,351,288.0,0
2015-08-26 10:39:00,387,351.0,0
2015-08-26 10:49:00,293,387.0,0
2015-08-26 11:00:00,326,293.0,0
2015-08-26 11:08:00,405,326.0,0
2015-08-26 11:29:00,579,405.0,0
2015-08-26 11:39:00,486,579.0,0
2015-08-26 11:49:00,547,486.0,0
2015-08-26 12:00:00,710,547.0,0
2015-08-26 12:10:00,604,710.0,0
2015-08-26 12:30:00,480,604.0,0
2015-08-26 12:50:00,620,480.0,0
2015-08-26 13:00:00,494,620.0,0
2015-08-26 13:20:00,570,494.0,0
2015-08-26 13:37:00,420,570.0,0
2015-08-26 14:00:00,333,420.0,0
2015-08-26 14:09:00,272,333.0,0
2015-08-26 15:35:00,167,272.0,0
2015-08-27 00:10:00,124,167.0,0
2015-08-27 04:36:00,102,124.0,0
2015-08-27 04:46:00,114,102.0,0
2015-08-27 05:26:00,665,114.0,0
2015-08-27 05:36:00,1777,665.0,0
2015-08-27 05:46:00,1774,1777.0,0
2015-08-27 06:36:00,122,1774.0,0
2015-08-27 06:45:00,124,122.0,0
2015-08-27 08:06:00,171,124.0,0
2015-08-27 08:16:00,174,171.0,0
2015-08-27 08:25:00,207,174.0,0
2015-08-27 08:36:00,238,207.0,0
2015-08-27 08:44:00,265,238.0,0
2015-08-27 08:56:00,322,265.0,0
2015-08-27 09:06:00,270,322.0,0
2015-08-27 09:16:00,213,270.0,0
2015-08-27 09:25:00,205,213.0,0
2015-08-27 09:35:00,173,205.0,0
2015-08-27 09:56:00,195,173.0,0
2015-08-27 10:06:00,221,195.0,0
2015-08-27 10:14:00,272,221.0,0
2015-08-27 10:26:00,336,272.0,0
2015-08-27 10:36:00,394,336.0,0
2015-08-27 10:56:00,472,394.0,0
2015-08-27 11:06:00,519,472.0,0
2015-08-27 11:16:00,565,519.0,0
2015-08-27 11:26:00,523,565.0,0
2015-08-27 11:35:00,636,523.0,0
2015-08-27 11:46:00,345,636.0,0
2015-08-27 11:56:00,326,345.0,0
2015-08-27 12:07:00,281,326.0,0
2015-08-27 12:27:00,199,281.0,0
2015-08-27 12:37:00,238,199.0,0
2015-08-27 12:47:00,383,238.0,0
2015-08-27 12:57:00,413,383.0,0
2015-08-27 13:07:00,389,413.0,0
2015-08-27 13:17:00,364,389.0,0
2015-08-27 13:27:00,394,364.0,0
2015-08-27 13:36:00,376,394.0,0
2015-08-27 13:46:00,368,376.0,0
2015-08-27 16:17:00,193,368.0,0
2015-08-27 16:26:00,187,193.0,0
2015-08-27 17:27:00,177,187.0,0
2015-08-27 17:37:00,134,177.0,0
2015-08-27 17:46:00,110,134.0,0
2015-08-27 17:57:00,114,110.0,0
2015-08-27 18:17:00,90,114.0,0
2015-08-27 18:27:00,99,90.0,0
2015-08-27 18:35:00,187,99.0,0
2015-08-27 19:15:00,131,187.0,0
2015-08-28 04:47:00,117,131.0,0
2015-08-28 05:08:00,400,117.0,0
2015-08-28 05:18:00,114,400.0,0
2015-08-28 07:18:00,152,114.0,0
2015-08-28 07:37:00,160,152.0,0
2015-08-28 07:47:00,574,160.0,0
2015-08-28 08:19:00,218,574.0,0
2015-08-28 08:26:00,250,218.0,0
2015-08-28 08:38:00,280,250.0,0
2015-08-28 08:47:00,257,280.0,0
2015-08-28 08:58:00,246,257.0,0
2015-08-28 09:08:00,225,246.0,0
2015-08-28 09:28:00,167,225.0,0
2015-08-28 09:48:00,195,167.0,0
2015-08-28 09:57:00,247,195.0,0
2015-08-28 10:08:00,279,247.0,0
2015-08-28 10:18:00,334,279.0,0
2015-08-28 10:38:00,368,334.0,0
2015-08-28 10:48:00,334,368.0,0
2015-08-28 10:58:00,359,334.0,0
2015-08-28 11:07:00,500,359.0,0
2015-08-28 11:27:00,587,500.0,0
2015-08-28 11:34:00,612,587.0,0
2015-08-28 12:22:00,536,612.0,0
2015-08-28 12:36:00,728,536.0,0
2015-08-28 12:58:00,844,728.0,0
2015-08-28 13:07:00,566,844.0,0
2015-08-28 13:18:00,675,566.0,0
2015-08-28 13:28:00,616,675.0,0
2015-08-28 13:38:00,781,616.0,0
2015-08-28 13:56:00,702,781.0,0
2015-08-28 14:08:00,476,702.0,0
2015-08-28 14:18:00,297,476.0,0
2015-08-28 14:28:00,258,297.0,0
2015-08-28 14:48:00,223,258.0,0
2015-08-28 14:58:00,197,223.0,0
2015-08-28 15:38:00,234,197.0,0
2015-08-28 15:47:00,248,234.0,0
2015-08-28 15:58:00,260,248.0,0
2015-08-28 16:07:00,231,260.0,0
2015-08-28 16:27:00,215,231.0,0
2015-08-28 17:08:00,206,215.0,0
2015-08-28 17:38:00,177,206.0,0
2015-08-28 19:48:00,276,177.0,0
2015-08-28 19:58:00,277,276.0,0
2015-08-28 23:08:00,183,277.0,0
2015-08-28 23:48:00,299,183.0,0
2015-08-28 23:58:00,328,299.0,0
2015-08-29 10:53:00,157,328.0,0
2015-08-29 12:14:00,182,157.0,0
2015-08-29 12:25:00,167,182.0,0
2015-08-29 13:21:00,212,167.0,0
2015-08-29 13:55:00,172,212.0,0
2015-08-29 15:35:00,157,172.0,0
2015-08-29 18:45:00,133,157.0,0
2015-08-29 18:55:00,189,133.0,0
2015-08-29 19:04:00,185,189.0,0
2015-08-29 19:14:00,182,185.0,0
2015-08-29 19:34:00,172,182.0,0
2015-08-29 19:55:00,364,172.0,0
2015-08-29 20:04:00,378,364.0,0
2015-08-29 20:15:00,468,378.0,0
2015-08-29 20:23:00,761,468.0,0
2015-08-29 20:34:00,556,761.0,0
2015-08-29 20:44:00,606,556.0,0
2015-08-29 20:55:00,545,606.0,0
2015-08-29 21:03:00,286,545.0,0
2015-08-29 21:15:00,243,286.0,0
2015-08-30 04:55:00,109,243.0,0
2015-08-30 06:07:00,121,109.0,0
2015-08-30 09:37:00,166,121.0,0
2015-08-30 09:45:00,167,166.0,0
2015-08-30 10:27:00,136,167.0,0
2015-08-30 10:47:00,112,136.0,0
2015-08-30 10:56:00,119,112.0,0
2015-08-30 11:27:00,148,119.0,0
2015-08-30 12:25:00,182,148.0,0
2015-08-30 14:27:00,112,182.0,0
2015-08-30 14:46:00,331,112.0,0
2015-08-30 14:57:00,358,331.0,0
2015-08-30 15:07:00,377,358.0,0
2015-08-30 15:16:00,261,377.0,0
2015-08-30 15:25:00,319,261.0,0
2015-08-30 15:37:00,349,319.0,0
2015-08-30 15:46:00,322,349.0,0
2015-08-30 15:57:00,252,322.0,0
2015-08-30 16:07:00,215,252.0,0
2015-08-30 16:17:00,255,215.0,0
2015-08-30 16:27:00,284,255.0,0
2015-08-30 16:47:00,331,284.0,0
2015-08-30 17:05:00,569,331.0,0
2015-08-30 17:17:00,511,569.0,0
2015-08-30 17:26:00,431,511.0,0
2015-08-30 17:37:00,536,431.0,0
2015-08-30 17:47:00,520,536.0,0
2015-08-30 17:57:00,744,520.0,0
2015-08-30 18:06:00,485,744.0,0
2015-08-30 18:15:00,402,485.0,0
2015-08-30 18:26:00,351,402.0,0
2015-08-30 18:37:00,290,351.0,0
2015-08-30 18:47:00,237,290.0,0
2015-08-30 18:57:00,199,237.0,0
2015-08-30 19:16:00,211,199.0,0
2015-08-30 19:27:00,185,211.0,0
2015-08-30 19:37:00,150,185.0,0
2015-08-30 20:17:00,162,150.0,0
2015-08-30 20:27:00,163,162.0,0
2015-08-30 21:07:00,167,163.0,0
2015-08-30 22:17:00,171,167.0,0
2015-08-31 04:47:00,119,171.0,0
2015-08-31 05:26:00,114,119.0,0
2015-08-31 05:57:00,118,114.0,0
2015-08-31 07:50:00,176,118.0,0
2015-08-31 08:03:00,172,176.0,0
2015-08-31 08:11:00,168,172.0,0
2015-08-31 08:22:00,228,168.0,0
2015-08-31 08:32:00,280,228.0,0
2015-08-31 08:53:00,253,280.0,0
2015-08-31 09:03:00,189,253.0,0
2015-08-31 09:13:00,195,189.0,0
2015-08-31 10:43:00,278,195.0,0
2015-08-31 11:03:00,329,278.0,0
2015-08-31 11:13:00,292,329.0,0
2015-08-31 11:22:00,309,292.0,0
2015-08-31 11:29:00,299,309.0,0
2015-08-31 11:43:00,268,299.0,0
2015-08-31 11:53:00,263,268.0,0
2015-08-31 12:03:00,259,263.0,0
2015-08-31 14:03:00,171,259.0,0
2015-08-31 14:12:00,165,171.0,0
2015-08-31 14:33:00,127,165.0,0
2015-08-31 16:23:00,153,127.0,0
2015-08-31 17:43:00,178,153.0,0
2015-08-31 18:23:00,128,178.0,0
2015-08-31 19:11:00,177,128.0,0
2015-09-01 05:11:00,308,177.0,0
2015-09-01 05:23:00,686,308.0,0
2015-09-01 05:32:00,748,686.0,0
2015-09-01 08:05:00,164,748.0,0
2015-09-01 08:15:00,154,164.0,0
2015-09-01 08:25:00,165,154.0,0
2015-09-01 08:35:00,225,165.0,0
2015-09-01 08:44:00,243,225.0,0
2015-09-01 08:55:00,257,243.0,0
2015-09-01 09:15:00,194,257.0,0
2015-09-01 09:24:00,158,194.0,0
2015-09-01 10:35:00,124,158.0,0
2015-09-01 10:45:00,134,124.0,0
2015-09-01 10:55:00,118,134.0,0
2015-09-01 11:04:00,465,118.0,0
2015-09-01 11:14:00,114,465.0,0
2015-09-01 11:45:00,174,114.0,0
2015-09-01 13:44:00,141,174.0,0
2015-09-01 13:54:00,114,141.0,0
2015-09-01 14:11:00,91,114.0,0
2015-09-01 14:25:00,116,91.0,0
2015-09-01 14:35:00,140,116.0,0
2015-09-01 14:45:00,126,140.0,0
2015-09-01 22:01:00,147,126.0,0
2015-09-01 22:11:00,132,147.0,0
2015-09-01 23:21:00,176,132.0,0
2015-09-01 23:41:00,318,176.0,0
2015-09-01 23:59:00,460,318.0,0
2015-09-02 07:21:00,170,460.0,0
2015-09-02 07:41:00,170,170.0,0
2015-09-02 09:00:00,210,170.0,0
2015-09-02 09:11:00,175,210.0,0
2015-09-02 09:21:00,217,175.0,0
2015-09-02 09:41:00,156,217.0,0
2015-09-02 13:41:00,142,156.0,0
2015-09-02 14:11:00,66,142.0,0
2015-09-02 14:20:00,47,66.0,0
2015-09-02 17:10:00,151,47.0,0
2015-09-02 19:40:00,171,151.0,0
2015-09-02 19:49:00,174,171.0,0
2015-09-02 22:16:00,186,174.0,0
2015-09-02 22:36:00,605,186.0,0
2015-09-02 22:44:00,770,605.0,0
2015-09-02 22:56:00,991,770.0,0
2015-09-02 23:06:00,1190,991.0,0
2015-09-02 23:14:00,1150,1190.0,0
2015-09-02 23:26:00,1033,1150.0,0
2015-09-02 23:36:00,771,1033.0,0
2015-09-02 23:46:00,723,771.0,0
2015-09-02 23:54:00,768,723.0,0
2015-09-03 00:06:00,639,768.0,0
2015-09-03 00:16:00,683,639.0,0
2015-09-03 00:26:00,682,683.0,0
2015-09-03 00:36:00,940,682.0,0
2015-09-03 00:46:00,908,940.0,0
2015-09-03 00:55:00,835,908.0,0
2015-09-03 01:06:00,653,835.0,0
2015-09-03 01:26:00,674,653.0,0
2015-09-03 01:36:00,954,674.0,0
2015-09-03 01:46:00,1028,954.0,0
2015-09-03 01:56:00,411,1028.0,0
2015-09-03 02:05:00,204,411.0,0
2015-09-03 04:35:00,105,204.0,0
2015-09-03 04:46:00,116,105.0,0
2015-09-03 04:54:00,111,116.0,0
2015-09-03 05:05:00,110,111.0,0
2015-09-03 05:15:00,111,110.0,0
2015-09-03 05:25:00,110,111.0,0
2015-09-03 05:50:00,126,110.0,0
2015-09-03 06:06:00,118,126.0,0
2015-09-03 06:16:00,121,118.0,0
2015-09-03 06:46:00,127,121.0,0
2015-09-03 07:45:00,153,127.0,0
2015-09-03 08:16:00,176,153.0,0
2015-09-03 08:26:00,228,176.0,0
2015-09-03 08:35:00,296,228.0,0
2015-09-03 08:46:00,429,296.0,0
2015-09-03 08:56:00,404,429.0,0
2015-09-03 09:06:00,358,404.0,0
2015-09-03 09:15:00,351,358.0,0
2015-09-03 09:26:00,274,351.0,0
2015-09-03 09:46:00,247,274.0,0
2015-09-03 09:55:00,249,247.0,0
2015-09-03 10:06:00,298,249.0,0
2015-09-03 10:16:00,314,298.0,0
2015-09-03 10:26:00,352,314.0,0
2015-09-03 10:36:00,321,352.0,0
2015-09-03 10:55:00,211,321.0,0
2015-09-03 11:36:00,194,211.0,0
2015-09-03 11:46:00,158,194.0,0
2015-09-03 11:55:00,190,158.0,0
2015-09-03 12:05:00,251,190.0,0
2015-09-03 12:16:00,197,251.0,0
2015-09-03 12:26:00,149,197.0,0
2015-09-03 12:36:00,161,149.0,0
2015-09-03 12:45:00,108,161.0,0
2015-09-03 13:36:00,147,108.0,0
2015-09-03 16:24:00,182,147.0,0
2015-09-03 16:46:00,162,182.0,0
2015-09-03 17:14:00,215,162.0,0
2015-09-03 17:24:00,218,215.0,0
2015-09-03 17:36:00,168,218.0,0
2015-09-03 17:44:00,185,168.0,0
2015-09-03 17:56:00,126,185.0,0
2015-09-03 18:06:00,42,126.0,0
2015-09-03 18:15:00,41,42.0,0
2015-09-03 18:24:00,110,41.0,0
2015-09-03 18:35:00,152,110.0,0
2015-09-03 18:45:00,164,152.0,0
2015-09-03 19:06:00,141,164.0,0
2015-09-03 19:36:00,162,141.0,0
2015-09-03 21:52:00,153,162.0,0
2015-09-03 22:12:00,306,153.0,0
2015-09-03 22:32:00,512,306.0,0
2015-09-03 22:42:00,464,512.0,0
2015-09-03 22:52:00,665,464.0,0
2015-09-03 23:02:00,203,665.0,0
2015-09-04 05:53:00,2222,203.0,0
2015-09-04 07:43:00,151,2222.0,0
2015-09-04 07:52:00,151,151.0,0
2015-09-04 08:01:00,162,151.0,0
2015-09-04 08:23:00,190,162.0,0
2015-09-04 08:31:00,201,190.0,0
2015-09-04 08:43:00,236,201.0,0
2015-09-04 08:53:00,243,236.0,0
2015-09-04 09:03:00,218,243.0,0
2015-09-04 09:23:00,162,218.0,0
2015-09-04 09:43:00,173,162.0,0
2015-09-04 09:53:00,206,173.0,0
2015-09-04 10:03:00,224,206.0,0
2015-09-04 10:13:00,223,224.0,0
2015-09-04 10:23:00,230,223.0,0
2015-09-04 10:43:00,269,230.0,0
2015-09-04 10:53:00,255,269.0,0
2015-09-04 11:02:00,292,255.0,0
2015-09-04 11:13:00,245,292.0,0
2015-09-04 11:23:00,212,245.0,0
2015-09-04 11:53:00,252,212.0,0
2015-09-04 12:03:00,296,252.0,0
2015-09-04 12:41:00,165,296.0,0
2015-09-04 13:39:00,335,165.0,0
2015-09-04 13:52:00,495,335.0,0
2015-09-04 14:02:00,626,495.0,0
2015-09-04 14:12:00,828,626.0,0
2015-09-04 14:22:00,627,828.0,0
2015-09-04 14:33:00,374,627.0,0
2015-09-04 14:53:00,298,374.0,0
2015-09-04 15:02:00,208,298.0,0
2015-09-04 15:23:00,200,208.0,0
2015-09-04 15:33:00,265,200.0,0
2015-09-04 15:43:00,276,265.0,0
2015-09-04 15:52:00,308,276.0,0
2015-09-04 16:03:00,255,308.0,0
2015-09-04 16:12:00,284,255.0,0
2015-09-04 16:23:00,289,284.0,0
2015-09-04 16:33:00,308,289.0,0
2015-09-04 16:42:00,347,308.0,0
2015-09-04 16:53:00,346,347.0,0
2015-09-04 16:58:00,360,346.0,0
2015-09-04 17:13:00,350,360.0,0
2015-09-04 17:30:00,255,350.0,0
2015-09-04 18:02:00,187,255.0,0
2015-09-04 18:12:00,166,187.0,0
2015-09-04 19:02:00,155,166.0,0
2015-09-05 08:39:00,163,155.0,0
2015-09-05 09:39:00,195,163.0,0
2015-09-05 09:59:00,517,195.0,0
2015-09-05 10:09:00,628,517.0,0
2015-09-05 10:28:00,391,628.0,0
2015-09-05 10:37:00,175,391.0,0
2015-09-05 10:49:00,172,175.0,0
2015-09-05 10:59:00,151,172.0,0
2015-09-05 13:27:00,198,151.0,0
2015-09-05 14:47:00,155,198.0,0
2015-09-05 19:07:00,145,155.0,0
2015-09-05 19:56:00,161,145.0,0
2015-09-05 20:17:00,189,161.0,0
2015-09-05 20:27:00,182,189.0,0
2015-09-05 22:37:00,120,182.0,0
2015-09-06 04:47:00,107,120.0,0
2015-09-06 05:27:00,1572,107.0,0
2015-09-06 05:37:00,1472,1572.0,0
2015-09-06 05:47:00,1900,1472.0,0
2015-09-06 06:07:00,118,1900.0,0
2015-09-06 06:47:00,116,118.0,0
2015-09-06 06:57:00,115,116.0,0
2015-09-06 07:37:00,116,115.0,0
2015-09-06 09:37:00,160,116.0,0
2015-09-06 10:47:00,115,160.0,0
2015-09-06 10:57:00,112,115.0,0
2015-09-06 15:01:00,131,112.0,0
2015-09-06 15:51:00,137,131.0,0
2015-09-06 16:11:00,193,137.0,0
2015-09-06 19:01:00,135,193.0,0
2015-09-06 19:11:00,142,135.0,0
2015-09-06 19:21:00,167,142.0,0
2015-09-06 19:31:00,143,167.0,0
2015-09-06 19:39:00,149,143.0,0
2015-09-06 20:21:00,86,149.0,0
2015-09-06 20:30:00,339,86.0,0
2015-09-06 20:40:00,415,339.0,0
2015-09-06 20:51:00,1634,415.0,0
2015-09-06 21:01:00,1067,1634.0,0
2015-09-06 21:20:00,521,1067.0,0
2015-09-06 21:31:00,612,521.0,0
2015-09-06 21:41:00,101,612.0,0
2015-09-06 22:01:00,95,101.0,0
2015-09-06 22:11:00,433,95.0,0
2015-09-07 05:21:00,749,433.0,0
2015-09-07 05:31:00,1248,749.0,0
2015-09-07 05:41:00,1330,1248.0,0
2015-09-07 06:00:00,116,1330.0,0
2015-09-07 06:51:00,113,116.0,0
2015-09-07 07:01:00,118,113.0,0
2015-09-07 07:21:00,137,118.0,0
2015-09-07 07:31:00,131,137.0,0
2015-09-07 08:21:00,154,131.0,0
2015-09-07 08:41:00,165,154.0,0
2015-09-07 08:51:00,173,165.0,0
2015-09-07 09:01:00,147,173.0,0
2015-09-07 09:11:00,149,147.0,0
2015-09-07 11:00:00,113,149.0,0
2015-09-07 11:21:00,151,113.0,0
2015-09-07 11:39:00,151,151.0,0
2015-09-07 13:42:00,143,151.0,0
2015-09-07 14:03:00,164,143.0,0
2015-09-07 14:13:00,160,164.0,0
2015-09-07 15:54:00,71,160.0,0
2015-09-07 16:24:00,159,71.0,0
2015-09-07 17:24:00,136,159.0,0
2015-09-07 19:03:00,150,136.0,0
2015-09-07 19:13:00,141,150.0,0
2015-09-07 20:03:00,162,141.0,0
2015-09-07 20:13:00,158,162.0,0
2015-09-07 20:33:00,157,158.0,0
2015-09-07 21:33:00,156,157.0,0
2015-09-07 22:12:00,152,156.0,0
2015-09-08 04:23:00,120,152.0,0
2015-09-08 05:13:00,115,120.0,0
2015-09-08 05:23:00,1102,115.0,0
2015-09-08 05:32:00,1238,1102.0,0
2015-09-08 05:41:00,1496,1238.0,0
2015-09-08 07:53:00,172,1496.0,0
2015-09-08 08:20:00,196,172.0,0
2015-09-08 08:32:00,293,196.0,0
2015-09-08 08:42:00,344,293.0,0
2015-09-08 08:53:00,344,344.0,0
2015-09-08 09:03:00,304,344.0,0
2015-09-08 09:12:00,254,304.0,0
2015-09-08 09:23:00,180,254.0,0
2015-09-08 09:43:00,120,180.0,0
2015-09-08 10:03:00,163,120.0,0
2015-09-08 10:13:00,224,163.0,0
2015-09-08 10:32:00,233,224.0,0
2015-09-08 10:36:00,256,233.0,0
2015-09-08 10:47:00,195,256.0,0
2015-09-08 10:57:00,178,195.0,0
2015-09-08 11:07:00,153,178.0,0
2015-09-08 11:45:00,169,153.0,0
2015-09-08 12:25:00,164,169.0,0
2015-09-08 13:47:00,125,164.0,0
2015-09-08 14:07:00,87,125.0,0
2015-09-08 14:17:00,126,87.0,0
2015-09-08 14:26:00,118,126.0,0
2015-09-08 14:47:00,126,118.0,0
2015-09-08 14:57:00,119,126.0,0
2015-09-08 15:45:00,173,119.0,0
2015-09-08 16:27:00,72,173.0,0
2015-09-08 16:37:00,819,72.0,0
2015-09-08 16:46:00,872,819.0,0
2015-09-08 17:06:00,42,872.0,0
2015-09-08 17:15:00,22,42.0,0
2015-09-08 17:27:00,164,22.0,0
2015-09-08 17:47:00,147,164.0,0
2015-09-08 19:57:00,165,147.0,0
2015-09-08 20:05:00,152,165.0,0
2015-09-08 20:47:00,153,152.0,0
2015-09-09 05:04:00,532,153.0,0
2015-09-09 05:37:00,123,532.0,0
2015-09-09 07:27:00,174,123.0,0
2015-09-09 07:47:00,202,174.0,0
2015-09-09 07:57:00,325,202.0,0
2015-09-09 08:07:00,386,325.0,0
2015-09-09 08:17:00,362,386.0,0
2015-09-09 08:27:00,312,362.0,0
2015-09-09 08:37:00,215,312.0,0
2015-09-09 08:46:00,166,215.0,0
2015-09-09 09:17:00,149,166.0,0
2015-09-09 09:57:00,196,149.0,0
2015-09-09 10:17:00,275,196.0,0
2015-09-09 10:19:00,272,275.0,0
2015-09-09 10:27:00,303,272.0,0
2015-09-09 10:49:00,185,303.0,0
2015-09-09 10:58:00,128,185.0,0
2015-09-09 13:30:00,148,128.0,0
2015-09-09 14:50:00,150,148.0,0
2015-09-09 15:10:00,183,150.0,0
2015-09-09 15:40:00,213,183.0,0
2015-09-09 15:48:00,189,213.0,0
2015-09-09 16:10:00,185,189.0,0
2015-09-09 16:19:00,164,185.0,0
2015-09-09 16:30:00,214,164.0,0
2015-09-09 16:39:00,215,214.0,0
2015-09-09 16:48:00,193,215.0,0
2015-09-09 17:00:00,225,193.0,0
2015-09-09 17:10:00,285,225.0,0
2015-09-09 17:20:00,289,285.0,0
2015-09-09 17:30:00,300,289.0,0
2015-09-09 17:48:00,366,300.0,0
2015-09-09 18:00:00,398,366.0,0
2015-09-09 18:10:00,428,398.0,0
2015-09-09 18:20:00,458,428.0,0
2015-09-09 18:28:00,467,458.0,0
2015-09-09 18:39:00,535,467.0,0
2015-09-09 18:50:00,506,535.0,0
2015-09-09 19:00:00,531,506.0,0
2015-09-09 19:10:00,497,531.0,0
2015-09-09 19:20:00,533,497.0,0
2015-09-09 19:30:00,448,533.0,0
2015-09-09 19:40:00,375,448.0,0
2015-09-09 19:49:00,329,375.0,0
2015-09-09 21:10:00,140,329.0,0
2015-09-09 22:20:00,133,140.0,0
2015-09-09 22:30:00,158,133.0,0
2015-09-09 22:40:00,143,158.0,0
2015-09-09 23:00:00,138,143.0,0
2015-09-09 23:40:00,134,138.0,0
2015-09-10 00:10:00,130,134.0,0
2015-09-10 00:20:00,125,130.0,0
2015-09-10 00:30:00,121,125.0,0
2015-09-10 04:20:00,135,121.0,0
2015-09-10 04:40:00,117,135.0,0
2015-09-10 04:50:00,132,117.0,0
2015-09-10 05:00:00,128,132.0,0
2015-09-10 05:10:00,115,128.0,0
2015-09-10 05:20:00,134,115.0,0
2015-09-10 05:26:00,127,134.0,0
2015-09-10 05:50:00,136,127.0,0
2015-09-10 06:00:00,137,136.0,0
2015-09-10 06:40:00,135,137.0,0
2015-09-10 06:50:00,146,135.0,0
2015-09-10 07:10:00,142,146.0,0
2015-09-10 07:30:00,227,142.0,0
2015-09-10 07:40:00,242,227.0,0
2015-09-10 08:10:00,287,242.0,0
2015-09-10 08:20:00,326,287.0,0
2015-09-10 08:30:00,328,326.0,0
2015-09-10 08:39:00,354,328.0,0
2015-09-10 08:50:00,431,354.0,0
2015-09-10 09:00:00,409,431.0,0
2015-09-10 09:10:00,555,409.0,0
2015-09-10 09:20:00,451,555.0,0
2015-09-10 09:29:00,502,451.0,0
2015-09-10 09:39:00,325,502.0,0
2015-09-10 09:50:00,348,325.0,0
2015-09-10 10:00:00,204,348.0,0
2015-09-10 10:20:00,214,204.0,0
2015-09-10 10:30:00,170,214.0,0
2015-09-10 10:40:00,177,170.0,0
2015-09-10 10:53:00,171,177.0,0
2015-09-10 11:03:00,177,171.0,0
2015-09-10 11:54:00,101,177.0,0
2015-09-10 12:04:00,90,101.0,0
2015-09-10 12:14:00,93,90.0,0
2015-09-10 12:21:00,72,93.0,0
2015-09-10 12:34:00,86,72.0,0
2015-09-10 12:44:00,89,86.0,0
2015-09-10 12:54:00,144,89.0,0
2015-09-10 13:03:00,180,144.0,0
2015-09-10 13:13:00,153,180.0,0
2015-09-10 13:34:00,159,153.0,0
2015-09-10 13:40:00,149,159.0,0
2015-09-10 13:53:00,156,149.0,0
2015-09-10 14:40:00,183,156.0,0
2015-09-10 15:04:00,192,183.0,0
2015-09-10 15:14:00,222,192.0,0
2015-09-10 15:24:00,226,222.0,0
2015-09-10 15:43:00,232,226.0,0
2015-09-10 15:53:00,210,232.0,0
2015-09-10 16:04:00,216,210.0,0
2015-09-10 16:14:00,207,216.0,0
2015-09-10 16:23:00,284,207.0,0
2015-09-10 16:33:00,205,284.0,0
2015-09-10 16:43:00,210,205.0,0
2015-09-10 16:54:00,178,210.0,0
2015-09-10 17:14:00,199,178.0,0
2015-09-10 17:23:00,244,199.0,0
2015-09-10 17:34:00,234,244.0,0
2015-09-10 17:43:00,219,234.0,0
2015-09-10 17:52:00,169,219.0,0
2015-09-10 18:04:00,68,169.0,0
2015-09-10 18:14:00,73,68.0,0
2015-09-10 18:23:00,185,73.0,0
2015-09-10 18:44:00,307,185.0,0
2015-09-10 18:54:00,342,307.0,0
2015-09-10 19:04:00,391,342.0,0
2015-09-10 19:14:00,338,391.0,0
2015-09-10 19:23:00,230,338.0,0
2015-09-10 19:32:00,179,230.0,0
2015-09-10 19:44:00,154,179.0,0
2015-09-10 20:04:00,166,154.0,0
2015-09-10 20:14:00,161,166.0,0
2015-09-11 04:58:00,371,161.0,0
2015-09-11 07:34:00,153,371.0,0
2015-09-11 07:43:00,162,153.0,0
2015-09-11 07:54:00,204,162.0,0
2015-09-11 08:04:00,342,204.0,0
2015-09-11 08:14:00,333,342.0,0
2015-09-11 08:24:00,351,333.0,0
2015-09-11 08:34:00,389,351.0,0
2015-09-11 08:44:00,422,389.0,0
2015-09-11 08:54:00,382,422.0,0
2015-09-11 09:04:00,426,382.0,0
2015-09-11 09:10:00,339,426.0,0
2015-09-11 09:24:00,326,339.0,0
2015-09-11 09:34:00,191,326.0,0
2015-09-11 10:14:00,168,191.0,0
2015-09-11 10:24:00,169,168.0,0
2015-09-11 10:34:00,181,169.0,0
2015-09-11 10:44:00,234,181.0,0
2015-09-11 10:53:00,248,234.0,0
2015-09-11 11:04:00,280,248.0,0
2015-09-11 11:14:00,270,280.0,0
2015-09-11 11:23:00,238,270.0,0
2015-09-11 11:30:00,199,238.0,0
2015-09-11 11:40:00,155,199.0,0
2015-09-11 11:59:00,217,155.0,0
2015-09-11 12:13:00,241,217.0,0
2015-09-11 12:27:00,348,241.0,0
2015-09-11 12:40:00,399,348.0,0
2015-09-11 12:49:00,290,399.0,0
2015-09-11 12:58:00,306,290.0,0
2015-09-11 13:19:00,258,306.0,0
2015-09-11 13:30:00,251,258.0,0
2015-09-11 13:40:00,291,251.0,0
2015-09-11 13:50:00,342,291.0,0
2015-09-11 14:00:00,244,342.0,0
2015-09-11 14:20:00,131,244.0,0
2015-09-11 14:50:00,147,131.0,0
2015-09-11 15:20:00,187,147.0,0
2015-09-11 15:29:00,210,187.0,0
2015-09-11 15:40:00,305,210.0,0
2015-09-11 15:50:00,319,305.0,0
2015-09-11 16:00:00,362,319.0,0
2015-09-11 16:10:00,384,362.0,0
2015-09-11 16:30:00,423,384.0,0
2015-09-11 16:40:00,439,423.0,0
2015-09-11 16:50:00,442,439.0,0
2015-09-11 17:10:00,449,442.0,0
2015-09-11 17:20:00,450,449.0,0
2015-09-11 17:30:00,403,450.0,0
2015-09-11 17:40:00,425,403.0,0
2015-09-11 17:50:00,417,425.0,0
2015-09-11 18:00:00,393,417.0,0
2015-09-11 18:10:00,378,393.0,0
2015-09-11 18:19:00,316,378.0,0
2015-09-11 18:30:00,283,316.0,0
2015-09-11 18:39:00,273,283.0,0
2015-09-11 18:50:00,265,273.0,0
2015-09-11 19:00:00,283,265.0,0
2015-09-11 19:10:00,305,283.0,0
2015-09-11 19:13:00,295,305.0,0
2015-09-11 19:23:00,250,295.0,0
2015-09-11 19:33:00,233,250.0,0
2015-09-11 19:43:00,232,233.0,0
2015-09-11 19:53:00,200,232.0,0
2015-09-11 20:02:00,189,200.0,0
2015-09-11 20:23:00,163,189.0,0
2015-09-11 21:43:00,169,163.0,0
2015-09-11 21:51:00,180,169.0,0
2015-09-11 22:03:00,170,180.0,0
2015-09-11 22:33:00,86,170.0,0
2015-09-12 03:03:00,119,86.0,0
2015-09-12 04:53:00,49,119.0,0
2015-09-12 05:13:00,118,49.0,0
2015-09-12 05:22:00,467,118.0,0
2015-09-12 05:39:00,1960,467.0,0
2015-09-12 06:43:00,123,1960.0,0
2015-09-12 08:32:00,143,123.0,0
2015-09-12 08:43:00,171,143.0,0
2015-09-12 08:53:00,196,171.0,0
2015-09-12 09:03:00,229,196.0,0
2015-09-12 09:13:00,253,229.0,0
2015-09-12 09:23:00,269,253.0,0
2015-09-12 09:32:00,233,269.0,0
2015-09-12 09:42:00,281,233.0,0
2015-09-12 09:53:00,268,281.0,0
2015-09-12 10:03:00,234,268.0,0
2015-09-12 10:13:00,199,234.0,0
2015-09-12 10:22:00,166,199.0,0
2015-09-12 10:33:00,188,166.0,0
2015-09-12 10:43:00,206,188.0,0
2015-09-12 10:53:00,223,206.0,0
2015-09-12 11:03:00,267,223.0,0
2015-09-12 11:13:00,252,267.0,0
2015-09-12 11:14:00,254,252.0,0
2015-09-12 13:08:00,165,254.0,0
2015-09-12 13:47:00,137,165.0,0
2015-09-12 13:58:00,138,137.0,0
2015-09-12 15:07:00,138,138.0,0
2015-09-12 15:58:00,135,138.0,0
2015-09-12 17:48:00,231,135.0,0
2015-09-12 17:57:00,264,231.0,0
2015-09-12 18:08:00,280,264.0,0
2015-09-12 18:18:00,338,280.0,0
2015-09-12 18:28:00,303,338.0,0
2015-09-12 18:38:00,212,303.0,0
2015-09-12 18:48:00,174,212.0,0
2015-09-12 19:08:00,182,174.0,0
2015-09-12 19:18:00,154,182.0,0
2015-09-12 19:28:00,167,154.0,0
2015-09-12 19:38:00,161,167.0,0
2015-09-12 19:47:00,193,161.0,0
2015-09-12 19:58:00,181,193.0,0
2015-09-12 20:07:00,158,181.0,0
2015-09-12 20:18:00,211,158.0,0
2015-09-12 20:28:00,230,211.0,0
2015-09-12 20:38:00,178,230.0,0
2015-09-12 20:58:00,158,178.0,0
2015-09-12 21:28:00,152,158.0,0
2015-09-12 21:57:00,143,152.0,0
2015-09-12 22:38:00,115,143.0,0
2015-09-12 23:37:00,141,115.0,0
2015-09-13 00:58:00,157,141.0,0
2015-09-13 04:57:00,118,157.0,0
2015-09-13 05:08:00,119,118.0,0
2015-09-13 05:47:00,112,119.0,0
2015-09-13 06:48:00,116,112.0,0
2015-09-13 06:57:00,115,116.0,0
2015-09-13 07:05:00,116,115.0,0
2015-09-13 07:18:00,125,116.0,0
2015-09-13 07:28:00,118,125.0,0
2015-09-13 08:08:00,119,118.0,0
2015-09-13 08:18:00,120,119.0,0
2015-09-13 08:58:00,132,120.0,0
2015-09-13 09:28:00,128,132.0,0
2015-09-13 10:18:00,131,128.0,0
2015-09-13 10:27:00,132,131.0,0
2015-09-13 10:57:00,110,132.0,0
2015-09-13 11:28:00,139,110.0,0
2015-09-13 11:38:00,131,139.0,0
2015-09-13 11:48:00,130,131.0,0
2015-09-13 11:58:00,133,130.0,0
2015-09-13 12:08:00,136,133.0,0
2015-09-13 12:16:00,141,136.0,0
2015-09-13 12:47:00,135,141.0,0
2015-09-13 13:06:00,132,135.0,0
2015-09-13 13:48:00,119,132.0,0
2015-09-13 14:29:00,135,119.0,0
2015-09-13 14:49:00,139,135.0,0
2015-09-13 14:59:00,148,139.0,0
2015-09-13 15:19:00,139,148.0,0
2015-09-13 15:40:00,134,139.0,0
2015-09-13 15:50:00,152,134.0,0
2015-09-13 15:59:00,151,152.0,0
2015-09-13 16:10:00,175,151.0,0
2015-09-13 16:19:00,164,175.0,0
2015-09-13 16:29:00,183,164.0,0
2015-09-13 16:39:00,173,183.0,0
2015-09-13 16:49:00,192,173.0,0
2015-09-13 17:00:00,212,192.0,0
2015-09-13 17:07:00,178,212.0,0
2015-09-13 17:30:00,146,178.0,0
2015-09-13 17:40:00,142,146.0,0
2015-09-13 18:10:00,149,142.0,0
2015-09-13 18:30:00,146,149.0,0
2015-09-13 18:40:00,154,146.0,0
2015-09-13 18:59:00,145,154.0,0
2015-09-13 19:20:00,160,145.0,0
2015-09-13 19:28:00,157,160.0,0
2015-09-13 19:39:00,173,157.0,0
2015-09-13 20:08:00,127,173.0,0
2015-09-13 20:19:00,66,127.0,0
2015-09-13 20:29:00,69,66.0,0
2015-09-13 20:39:00,41,69.0,0
2015-09-13 20:49:00,42,41.0,0
2015-09-13 20:59:00,41,42.0,0
2015-09-13 21:08:00,38,41.0,0
2015-09-13 21:28:00,38,38.0,0
2015-09-13 21:39:00,74,38.0,0
2015-09-13 21:49:00,62,74.0,0
2015-09-13 21:59:00,60,62.0,0
2015-09-13 22:09:00,62,60.0,0
2015-09-13 22:29:00,129,62.0,0
2015-09-14 00:40:00,124,129.0,0
2015-09-14 01:40:00,121,124.0,0
2015-09-14 02:29:00,134,121.0,0
2015-09-14 03:09:00,126,134.0,0
2015-09-14 03:19:00,125,126.0,0
2015-09-14 03:39:00,119,125.0,0
2015-09-14 03:49:00,124,119.0,0
2015-09-14 03:59:00,126,124.0,0
2015-09-14 04:09:00,122,126.0,0
2015-09-14 04:19:00,122,122.0,0
2015-09-14 04:29:00,128,122.0,0
2015-09-14 04:39:00,123,128.0,0
2015-09-14 04:49:00,117,123.0,0
2015-09-14 05:09:00,114,117.0,0
2015-09-14 05:29:00,118,114.0,0
2015-09-14 07:19:00,162,118.0,0
2015-09-14 07:30:00,161,162.0,0
2015-09-14 07:49:00,139,161.0,0
2015-09-14 07:59:00,152,139.0,0
2015-09-14 08:09:00,156,152.0,0
2015-09-14 08:19:00,166,156.0,0
2015-09-14 08:29:00,229,166.0,0
2015-09-14 08:39:00,227,229.0,0
2015-09-14 08:47:00,274,227.0,0
2015-09-14 08:58:00,216,274.0,0
2015-09-14 09:09:00,161,216.0,0
2015-09-14 09:19:00,139,161.0,0
2015-09-14 09:49:00,136,139.0,0
2015-09-14 09:59:00,144,136.0,0
2015-09-14 10:09:00,160,144.0,0
2015-09-14 10:27:00,262,160.0,0
2015-09-14 10:39:00,347,262.0,0
2015-09-14 10:49:00,364,347.0,0
2015-09-14 10:59:00,384,364.0,0
2015-09-14 11:09:00,578,384.0,0
2015-09-14 11:19:00,626,578.0,0
2015-09-14 11:29:00,385,626.0,0
2015-09-14 11:39:00,289,385.0,0
2015-09-14 11:50:00,297,289.0,0
2015-09-14 11:59:00,337,297.0,0
2015-09-14 12:09:00,365,337.0,0
2015-09-14 12:19:00,326,365.0,0
2015-09-14 12:29:00,345,326.0,0
2015-09-14 12:39:00,271,345.0,0
2015-09-14 12:49:00,293,271.0,0
2015-09-14 12:59:00,300,293.0,0
2015-09-14 13:07:00,277,300.0,0
2015-09-14 13:29:00,159,277.0,0
2015-09-14 13:48:00,157,159.0,0
2015-09-14 13:58:00,174,157.0,0
2015-09-14 14:09:00,172,174.0,0
2015-09-14 14:16:00,175,172.0,0
2015-09-14 14:26:00,155,175.0,0
2015-09-14 14:46:00,175,155.0,0
2015-09-14 15:06:00,145,175.0,0
2015-09-14 15:56:00,67,145.0,0
2015-09-14 16:26:00,166,67.0,0
2015-09-14 16:36:00,150,166.0,0
2015-09-14 16:45:00,150,150.0,0
2015-09-14 17:06:00,144,150.0,0
2015-09-14 17:15:00,146,144.0,0
2015-09-14 17:26:00,186,146.0,0
2015-09-14 17:35:00,146,186.0,0
2015-09-14 17:46:00,144,146.0,0
2015-09-14 18:36:00,143,144.0,0
2015-09-14 18:45:00,145,143.0,0
2015-09-14 18:56:00,158,145.0,0
2015-09-14 19:16:00,160,158.0,0
2015-09-14 19:46:00,153,160.0,0
2015-09-14 22:26:00,136,153.0,0
2015-09-14 22:46:00,144,136.0,0
2015-09-15 00:16:00,134,144.0,0
2015-09-15 02:35:00,131,134.0,0
2015-09-15 03:36:00,127,131.0,0
2015-09-15 03:46:00,130,127.0,0
2015-09-15 04:16:00,121,130.0,0
2015-09-15 04:46:00,122,121.0,0
2015-09-15 04:54:00,114,122.0,0
2015-09-15 05:06:00,112,114.0,0
2015-09-15 05:36:00,116,112.0,0
2015-09-15 05:46:00,120,116.0,0
2015-09-15 06:06:00,129,120.0,0
2015-09-15 06:16:00,130,129.0,0
2015-09-15 07:36:00,179,130.0,0
2015-09-15 07:46:00,172,179.0,0
2015-09-15 07:55:00,152,172.0,0
2015-09-15 08:05:00,158,152.0,0
2015-09-15 08:15:00,169,158.0,0
2015-09-15 08:26:00,199,169.0,0
2015-09-15 08:36:00,101,199.0,0
2015-09-15 08:46:00,196,101.0,0
2015-09-15 08:56:00,124,196.0,0
2015-09-15 09:04:00,151,124.0,0
2015-09-15 09:16:00,192,151.0,0
2015-09-15 09:26:00,160,192.0,0
2015-09-15 09:36:00,146,160.0,0
2015-09-15 10:06:00,149,146.0,0
2015-09-15 11:46:00,261,149.0,0
2015-09-15 11:55:00,286,261.0,0
2015-09-15 12:04:00,257,286.0,0
2015-09-15 12:15:00,254,257.0,0
2015-09-15 12:26:00,182,254.0,0
2015-09-15 12:31:00,159,182.0,0
2015-09-15 12:46:00,163,159.0,0
2015-09-15 13:14:00,141,163.0,0
2015-09-15 13:46:00,129,141.0,0
2015-09-15 13:56:00,122,129.0,0
2015-09-15 14:05:00,94,122.0,0
2015-09-15 14:15:00,93,94.0,0
2015-09-15 14:26:00,117,93.0,0
2015-09-15 14:36:00,122,117.0,0
2015-09-15 14:45:00,119,122.0,0
2015-09-15 14:55:00,123,119.0,0
2015-09-15 15:34:00,157,123.0,0
2015-09-15 15:42:00,159,157.0,0
2015-09-15 16:34:00,138,159.0,0
2015-09-15 16:38:00,179,138.0,0
2015-09-15 17:15:00,149,179.0,0
2015-09-15 17:35:00,131,149.0,0
2015-09-15 17:53:00,148,131.0,0
2015-09-15 18:04:00,137,148.0,0
2015-09-15 18:55:00,145,137.0,0
2015-09-15 19:34:00,142,145.0,0
2015-09-15 20:15:00,148,142.0,0
2015-09-15 21:54:00,146,148.0,0
2015-09-15 22:35:00,151,146.0,0
2015-09-15 23:04:00,137,151.0,0
2015-09-16 00:45:00,124,137.0,0
2015-09-16 01:15:00,123,124.0,0
2015-09-16 01:53:00,120,123.0,0
2015-09-16 02:05:00,127,120.0,0
2015-09-16 02:15:00,137,127.0,0
2015-09-16 02:25:00,127,137.0,0
2015-09-16 03:05:00,121,127.0,0
2015-09-16 03:14:00,125,121.0,0
2015-09-16 03:35:00,125,125.0,0
2015-09-16 03:45:00,124,125.0,0
2015-09-16 03:54:00,128,124.0,0
2015-09-16 04:05:00,123,128.0,0
2015-09-16 04:15:00,126,123.0,0
2015-09-16 04:25:00,127,126.0,0
2015-09-16 04:35:00,125,127.0,0
2015-09-16 04:45:00,126,125.0,0
2015-09-16 05:03:00,422,126.0,0
2015-09-16 05:15:00,113,422.0,0
2015-09-16 05:25:00,117,113.0,0
2015-09-16 05:45:00,121,117.0,0
2015-09-16 05:55:00,122,121.0,0
2015-09-16 06:05:00,116,122.0,0
2015-09-16 06:15:00,123,116.0,0
2015-09-16 06:24:00,139,123.0,0
2015-09-16 06:55:00,140,139.0,0
2015-09-16 07:03:00,129,140.0,0
2015-09-16 07:25:00,152,129.0,0
2015-09-16 07:35:00,151,152.0,0
2015-09-16 07:44:00,157,151.0,0
2015-09-16 08:05:00,173,157.0,0
2015-09-16 08:15:00,180,173.0,0
2015-09-16 08:25:00,207,180.0,0
2015-09-16 08:35:00,294,207.0,0
2015-09-16 08:44:00,309,294.0,0
2015-09-16 08:54:00,344,309.0,0
2015-09-16 09:04:00,294,344.0,0
2015-09-16 09:15:00,302,294.0,0
2015-09-16 09:25:00,242,302.0,0
2015-09-16 09:35:00,175,242.0,0
2015-09-16 09:44:00,143,175.0,0
2015-09-16 09:54:00,140,143.0,0
2015-09-16 10:15:00,155,140.0,0
2015-09-16 10:25:00,202,155.0,0
2015-09-16 10:35:00,217,202.0,0
2015-09-16 10:45:00,186,217.0,0
2015-09-16 10:55:00,260,186.0,0
2015-09-16 11:03:00,394,260.0,0
2015-09-16 11:14:00,324,394.0,0
2015-09-16 11:25:00,168,324.0,0
2015-09-16 12:35:00,128,168.0,0
2015-09-16 12:45:00,138,128.0,0
2015-09-16 12:55:00,133,138.0,0
2015-09-16 13:03:00,132,133.0,0
2015-09-16 13:15:00,148,132.0,0
2015-09-16 13:42:00,139,148.0,0
2015-09-16 13:55:00,133,139.0,0
2015-09-16 14:05:00,142,133.0,0
2015-09-16 14:15:00,155,142.0,0
2015-09-16 14:25:00,128,155.0,0
2015-09-16 14:35:00,168,128.0,0
2015-09-16 14:43:00,156,168.0,0
2015-09-16 14:55:00,157,156.0,0
2015-09-16 15:30:00,146,157.0,0
2015-09-16 15:41:00,169,146.0,0
2015-09-16 15:51:00,147,169.0,0
2015-09-16 16:10:00,145,147.0,0
2015-09-16 16:20:00,161,145.0,0
2015-09-16 16:31:00,150,161.0,0
2015-09-16 16:41:00,156,150.0,0
2015-09-16 16:51:00,136,156.0,0
2015-09-16 17:11:00,170,136.0,0
2015-09-16 17:20:00,160,170.0,0
2015-09-16 17:50:00,159,160.0,0
2015-09-16 18:11:00,135,159.0,0
2015-09-16 18:20:00,160,135.0,0
2015-09-16 18:51:00,142,160.0,0
2015-09-16 19:00:00,144,142.0,0
2015-09-16 19:09:00,131,144.0,0
2015-09-16 19:21:00,138,131.0,0
2015-09-16 19:41:00,139,138.0,0
2015-09-16 19:51:00,154,139.0,0
2015-09-16 20:01:00,145,154.0,0
2015-09-16 20:10:00,135,145.0,0
2015-09-16 20:21:00,141,135.0,0
2015-09-16 20:29:00,153,141.0,0
2015-09-16 20:40:00,129,153.0,0
2015-09-16 20:49:00,133,129.0,0
2015-09-16 21:11:00,136,133.0,0
2015-09-16 21:21:00,129,136.0,0
2015-09-16 21:31:00,137,129.0,0
2015-09-16 21:41:00,140,137.0,0
2015-09-16 21:51:00,134,140.0,0
2015-09-16 22:01:00,144,134.0,0
2015-09-16 22:11:00,167,144.0,0
2015-09-16 22:20:00,315,167.0,0
2015-09-16 22:31:00,435,315.0,0
2015-09-16 22:50:00,809,435.0,0
2015-09-16 23:01:00,939,809.0,0
2015-09-16 23:11:00,779,939.0,0
2015-09-16 23:21:00,635,779.0,0
2015-09-16 23:31:00,581,635.0,0
2015-09-16 23:41:00,1107,581.0,0
2015-09-16 23:51:00,865,1107.0,0
2015-09-17 00:00:00,650,865.0,0
2015-09-17 00:11:00,419,650.0,0
2015-09-17 00:21:00,291,419.0,0
2015-09-17 00:31:00,139,291.0,0
2015-09-17 00:41:00,122,139.0,0
2015-09-17 00:51:00,130,122.0,0
2015-09-17 01:11:00,122,130.0,0
2015-09-17 01:21:00,127,122.0,0
2015-09-17 01:31:00,123,127.0,0
2015-09-17 01:41:00,137,123.0,0
2015-09-17 02:01:00,126,137.0,0
2015-09-17 02:10:00,130,126.0,0
2015-09-17 06:01:00,117,130.0,0
2015-09-17 06:10:00,119,117.0,0
2015-09-17 06:21:00,132,119.0,0
2015-09-17 06:31:00,114,132.0,0
2015-09-17 06:41:00,133,114.0,0
2015-09-17 07:01:00,124,133.0,0
2015-09-17 07:11:00,134,124.0,0
2015-09-17 07:30:00,147,134.0,0
2015-09-17 07:41:00,148,147.0,0
2015-09-17 07:51:00,159,148.0,0
2015-09-17 08:00:00,156,159.0,0
2015-09-17 08:11:00,167,156.0,0
2015-09-17 08:21:00,186,167.0,0
2015-09-17 08:31:00,220,186.0,0
2015-09-17 08:40:00,251,220.0,0
2015-09-17 08:51:00,287,251.0,0
2015-09-17 09:00:00,304,287.0,0
2015-09-17 09:11:00,294,304.0,0
2015-09-17 09:20:00,244,294.0,0
2015-09-17 09:31:00,210,244.0,0
2015-09-17 09:41:00,195,210.0,0
2015-09-17 09:51:00,226,195.0,0
2015-09-17 10:01:00,196,226.0,0
2015-09-17 10:11:00,263,196.0,0
2015-09-17 10:21:00,342,263.0,0
2015-09-17 10:31:00,372,342.0,0
2015-09-17 10:41:00,432,372.0,0
2015-09-17 10:51:00,427,432.0,0
2015-09-17 11:01:00,429,427.0,0
2015-09-17 11:11:00,461,429.0,0
2015-09-17 11:21:00,349,461.0,0
2015-09-17 11:29:00,256,349.0,0
2015-09-17 11:41:00,201,256.0,0
2015-09-17 11:51:00,113,201.0,0
2015-09-17 11:59:00,102,113.0,0
2015-09-17 12:11:00,88,102.0,0
2015-09-17 12:21:00,70,88.0,0
2015-09-17 12:41:00,84,70.0,0
2015-09-17 12:51:00,154,84.0,0
2015-09-17 13:01:00,155,154.0,0
2015-09-17 13:10:00,149,155.0,0
2015-09-17 13:20:00,163,149.0,0
2015-09-17 13:28:00,158,163.0,0
2015-09-17 13:41:00,156,158.0,0
2015-09-17 13:50:00,140,156.0,0
2015-09-17 14:10:00,177,140.0,0
2015-09-17 14:21:00,160,177.0,0
2015-09-17 14:31:00,150,160.0,0
2015-09-17 14:41:00,153,150.0,0
2015-09-17 14:51:00,143,153.0,0
2015-09-17 15:00:00,151,143.0,0
2015-09-17 15:11:00,150,151.0,0
2015-09-17 15:21:00,149,150.0,0
2015-09-17 15:31:00,200,149.0,0
2015-09-17 15:34:00,218,200.0,0
2015-09-17 15:44:00,213,218.0,0
2015-09-17 15:54:00,211,213.0,0
2015-09-17 16:04:00,229,211.0,0
2015-09-17 16:13:00,235,229.0,0
2015-09-17 16:23:00,255,235.0,0
2015-09-17 16:34:00,189,255.0,0
2015-09-17 16:44:00,193,189.0,0
2015-09-17 17:00:00,216,193.0,0
2015-09-17 17:09:00,209,216.0,0
